night_date,n_hours,err,actual,wb,cum_cold_h,season,month,doy,dow,holiday,below,dist,campaign_start,campaign_night2
2015-11-01,11,40.790909090909075,6235.481818181818,-0.19017852274723904,31.0,2015,11,305,6,0,0,1.809821477252761,0,0
2015-11-02,11,130.32727272727277,6906.5,1.0813886740266416,31.0,2015,11,306,0,0,0,3.0813886740266416,0,0
2015-11-03,11,-84.36363636363645,6799.972727272727,3.2327814644081627,31.0,2015,11,307,1,0,0,5.232781464408163,0,0
2015-11-04,11,-185.7272727272728,6633.072727272727,2.243724918340578,31.0,2015,11,308,2,0,0,4.243724918340578,0,0
2015-11-05,11,-728.6545454545454,6678.427272727273,2.908774359642702,31.0,2015,11,309,3,0,0,4.9087743596427025,0,0
2015-11-06,11,-619.3636363636363,6440.518181818182,3.286311958767529,31.0,2015,11,310,4,0,0,5.286311958767529,0,0
2015-11-07,11,-760.3545454545456,5962.545454545455,4.297840355735026,31.0,2015,11,311,5,0,0,6.297840355735026,0,0
2015-11-08,11,-1339.8272727272727,6015.290909090909,4.371975919661511,31.0,2015,11,312,6,0,0,6.371975919661511,0,0
2015-11-09,11,-1642.0727272727274,6480.927272727273,3.556791764568148,31.0,2015,11,313,0,0,0,5.556791764568148,0,0
2015-11-10,11,-1651.2818181818182,6571.809090909091,2.7989898971276017,31.0,2015,11,314,1,0,0,4.798989897127601,0,0
2015-11-11,11,-1552.1636363636362,6698.4,1.3541098917191716,31.0,2015,11,315,2,0,0,3.3541098917191716,0,0
2015-11-12,11,-639.9090909090909,6757.572727272727,1.6295767874234763,31.0,2015,11,316,3,0,0,3.6295767874234763,0,0
2015-11-13,11,-63.25454545454539,6592.881818181818,1.8775088676391574,31.0,2015,11,317,4,0,0,3.8775088676391576,0,0
2015-11-14,11,23.43636363636357,6063.827272727273,1.8516336133354256,31.0,2015,11,318,5,0,0,3.8516336133354256,0,0
2015-11-15,11,127.53636363636384,6224.1,3.294564375876313,31.0,2015,11,319,6,0,0,5.294564375876313,0,0
2015-11-16,11,145.53636363636352,6724.245454545454,1.0096861175496041,31.0,2015,11,320,0,0,0,3.009686117549604,0,0
2015-11-17,11,-153.5181818181819,6540.563636363636,4.255859147856492,31.0,2015,11,321,1,0,0,6.255859147856492,0,0
2015-11-18,11,122.16363636363639,6733.336363636364,0.3492334556390135,31.0,2015,11,322,2,0,0,2.3492334556390135,0,0
2015-11-19,11,-107.27272727272735,6637.854545454545,4.240962028840794,31.0,2015,11,323,3,0,0,6.240962028840794,0,0
2015-11-20,11,225.41818181818186,7066.618181818182,0.642798554546737,31.0,2015,11,324,4,0,0,2.642798554546737,0,0
2015-11-21,11,388.76363636363635,7080.345454545455,-6.957211399934153,44.0,2015,11,325,5,0,1,-4.957211399934153,1,0
2015-11-22,11,297.7454545454546,7031.381818181818,-9.166104690184602,68.0,2015,11,326,6,0,1,-7.166104690184602,0,1
2015-11-23,11,484.36363636363626,7665.463636363637,-11.758379459501533,92.0,2015,11,327,0,0,1,-9.758379459501533,0,0
2015-11-24,11,561.5090909090909,7610.363636363636,-5.034745110122591,116.0,2015,11,328,1,0,1,-3.034745110122591,0,0
2015-11-25,11,654.1636363636364,7738.718181818182,-4.974560105755026,140.0,2015,11,329,2,0,1,-2.9745601057550264,0,0
2015-11-26,11,412.40909090909076,7761.027272727273,-7.447130404415919,164.0,2015,11,330,3,0,1,-5.447130404415919,0,0
2015-11-27,11,354.62727272727267,7716.281818181818,-8.929459744800422,188.0,2015,11,331,4,0,1,-6.929459744800422,0,0
2015-11-28,11,343.20000000000005,7172.827272727273,-5.870138280427801,212.0,2015,11,332,5,0,1,-3.870138280427801,0,0
2015-11-29,11,538.8727272727272,6941.227272727273,-0.9672551665224846,228.0,2015,11,333,6,0,0,1.0327448334775156,0,0
2015-11-30,11,152.2454545454546,7316.481818181818,-1.950961731855594,229.0,2015,11,334,0,0,0,0.04903826814440593,0,0
2015-12-01,11,43.36363636363653,7245.581818181819,-0.5797573739915495,235.0,2015,12,335,1,0,0,1.4202426260084504,0,0
2015-12-02,11,548.8454545454546,7578.981818181818,-2.3764315646993768,235.0,2015,12,336,2,0,1,-0.3764315646993768,1,0
2015-12-03,11,327.24545454545455,7565.6,-2.2449926818896317,247.0,2015,12,337,3,0,1,-0.24499268188963175,0,1
2015-12-04,11,-42.62727272727261,7285.281818181818,-0.31229533249526803,258.0,2015,12,338,4,0,0,1.687704667504732,0,0
2015-12-05,11,55.60909090909081,6891.345454545455,-0.6492148398663461,258.0,2015,12,339,5,0,0,1.350785160133654,0,0
2015-12-06,11,-48.08181818181831,6987.272727272727,-1.1402246493812287,258.0,2015,12,340,6,0,0,0.8597753506187713,0,0
2015-12-07,11,132.56363636363633,7618.090909090909,-1.067556185269891,258.0,2015,12,341,0,0,0,0.9324438147301091,0,0
2015-12-08,11,385.6818181818181,7528.763636363636,-1.0013647298260497,258.0,2015,12,342,1,0,0,0.9986352701739503,0,0
2015-12-09,11,673.1454545454545,7692.472727272727,-4.897754586287376,258.0,2015,12,343,2,0,1,-2.897754586287376,1,0
2015-12-10,11,776.5727272727273,7969.654545454545,-4.240026979923602,282.0,2015,12,344,3,0,1,-2.240026979923602,0,1
2015-12-11,11,391.1545454545454,7745.718181818182,-4.607029678282275,304.0,2015,12,345,4,0,1,-2.6070296782822746,0,0
2015-12-12,11,147.40000000000006,7283.909090909091,-4.193771263798403,325.0,2015,12,346,5,0,1,-2.1937712637984026,0,0
2015-12-13,11,278.8818181818182,7505.581818181818,-4.398291501361252,349.0,2015,12,347,6,0,1,-2.3982915013612516,0,0
2015-12-14,11,508.3181818181818,7910.645454545455,-3.4866800970880765,368.0,2015,12,348,0,0,1,-1.4866800970880765,0,0
2015-12-15,11,510.7090909090905,7563.263636363636,0.11002501574020608,383.0,2015,12,349,1,0,0,2.1100250157402063,0,0
2015-12-16,11,598.7818181818179,7556.3272727272715,1.9710435187811073,383.0,2015,12,350,2,0,0,3.9710435187811073,0,0
2015-12-17,11,159.8454545454544,7421.754545454546,-0.1001947378086319,383.0,2015,12,351,3,0,0,1.8998052621913681,0,0
2015-12-18,11,-149.49999999999991,7139.072727272727,1.5601361447258177,383.0,2015,12,352,4,0,0,3.560136144725818,0,0
2015-12-19,11,13.472727272727338,6950.327272727273,1.0731862860108106,383.0,2015,12,353,5,0,0,3.0731862860108103,0,0
2015-12-20,11,-142.92727272727296,6900.209090909091,0.9762749860582015,383.0,2015,12,354,6,0,0,2.9762749860582014,0,0
2015-12-21,11,-238.77272727272728,7230.381818181818,-0.784086766891837,383.0,2015,12,355,0,1,0,1.215913233108163,0,0
2015-12-22,11,260.92727272727257,7285.436363636364,-0.3944953952855371,383.0,2015,12,356,1,1,0,1.6055046047144628,0,0
2015-12-23,11,98.0181818181818,7085.554545454546,-1.400214681326338,383.0,2015,12,357,2,1,0,0.5997853186736619,0,0
2015-12-24,11,-542.1272727272727,6687.445454545454,-1.2607817849289678,383.0,2015,12,358,3,1,0,0.7392182150710322,0,0
2015-12-25,11,-693.3000000000001,6572.645454545455,-1.4213765023621276,383.0,2015,12,359,4,1,0,0.5786234976378724,0,0
2015-12-26,11,-267.01818181818163,6655.036363636363,-1.7798566357549015,383.0,2015,12,360,5,1,0,0.2201433642450985,0,0
2015-12-27,11,-442.39999999999986,6630.381818181818,-1.8866458125639831,390.0,2015,12,361,6,1,0,0.11335418743601688,0,0
2015-12-28,11,-233.54545454545462,7216.381818181818,-1.8057140916226522,395.0,2015,12,362,0,1,0,0.19428590837734783,0,0
2015-12-29,11,-134.0909090909091,7202.845454545455,-2.7872618506733535,403.0,2015,12,363,1,1,1,-0.7872618506733535,1,0
2015-12-30,11,26.65454545454544,7065.654545454545,-3.104635645039806,419.0,2015,12,364,2,1,1,-1.104635645039806,0,1
2016-11-01,11,134.6636363636363,6941.527272727273,1.305637712741128,36.0,2016,11,306,1,0,0,3.3056377127411283,0,0
2016-11-02,11,393.581818181818,7250.663636363636,0.6147446015817827,36.0,2016,11,307,2,0,0,2.6147446015817826,0,0
2016-11-03,11,141.40000000000006,7329.045454545455,-1.7116660371427705,36.0,2016,11,308,3,0,0,0.28833396285722945,0,0
2016-11-04,11,420.65454545454554,7000.472727272727,2.2635717763863643,36.0,2016,11,309,4,0,0,4.263571776386364,0,0
2016-11-05,11,662.1636363636367,6892.072727272727,1.4852712672280888,36.0,2016,11,310,5,0,0,3.4852712672280886,0,0
2016-11-06,11,159.2363636363636,6992.345454545455,-4.923435209006746,47.0,2016,11,311,6,0,1,-2.9234352090067457,1,0
2016-11-07,11,260.55454545454546,7845.490909090909,-7.888473783739687,71.0,2016,11,312,0,0,1,-5.888473783739687,0,1
2016-11-08,11,109.45454545454554,7780.881818181818,-7.265709211542795,95.0,2016,11,313,1,0,1,-5.265709211542795,0,0
2016-11-09,11,426.61818181818165,7678.454545454545,-2.638484296652127,119.0,2016,11,314,2,0,1,-0.6384842966521269,0,0
2016-11-10,11,446.63636363636357,7564.827272727273,-1.6914787041843935,133.0,2016,11,315,3,0,0,0.3085212958156065,0,0
2016-11-11,11,-68.78181818181821,7493.218181818182,-4.680046667314209,147.0,2016,11,316,4,0,1,-2.680046667314209,0,0
2016-11-12,11,-35.43636363636365,7283.009090909091,-6.728470803757548,171.0,2016,11,317,5,0,1,-4.728470803757548,0,0
2016-11-13,11,152.63636363636348,7312.154545454545,-2.424238519733002,191.0,2016,11,318,6,0,1,-0.42423851973300186,0,0
2016-11-14,11,-177.2363636363636,7689.972727272727,-5.704785089450832,211.0,2016,11,319,0,0,1,-3.704785089450832,0,0
2016-11-15,11,95.83636363636387,7385.472727272727,0.4748697714472192,227.0,2016,11,320,1,0,0,2.474869771447219,0,0
2016-11-16,11,222.33636363636379,7084.863636363636,2.3194499713085084,227.0,2016,11,321,2,0,0,4.319449971308508,0,0
2016-11-17,11,207.1272727272727,7069.018181818182,1.6239180286391528,227.0,2016,11,322,3,0,0,3.623918028639153,0,0
2016-11-18,11,520.0181818181819,7115.390909090909,1.415735594172376,227.0,2016,11,323,4,0,0,3.415735594172376,0,0
2016-11-19,11,463.781818181818,7241.136363636364,-2.7366232320001425,231.0,2016,11,324,5,0,1,-0.7366232320001425,1,0
2016-11-20,11,452.98181818181814,7040.927272727273,1.8463013993700181,239.0,2016,11,325,6,0,0,3.8463013993700184,0,1
2016-11-21,11,212.75454545454548,7405.754545454546,3.5316751946354783,239.0,2016,11,326,0,0,0,5.531675194635478,0,0
2016-11-22,11,372.97272727272707,7200.0,3.9169770663194243,239.0,2016,11,327,1,0,0,5.916977066319424,0,0
2016-11-23,11,333.99090909090916,7424.809090909091,3.3816174704111144,239.0,2016,11,328,2,0,0,5.381617470411115,0,0
2016-11-24,11,808.3272727272729,7512.672727272727,3.1480033799207856,239.0,2016,11,329,3,0,0,5.148003379920786,0,0
2016-11-25,11,626.8363636363638,7263.409090909091,1.732261091809508,239.0,2016,11,330,4,0,0,3.732261091809508,0,0
2016-11-26,11,127.24545454545436,6929.545454545455,0.10693620770850698,239.0,2016,11,331,5,0,0,2.106936207708507,0,0
2016-11-27,11,-207.90909090909108,6894.963636363637,-1.2121074756503616,239.0,2016,11,332,6,0,0,0.7878925243496384,0,0
2016-11-28,11,39.709090909091174,7905.1727272727285,-5.6284584138116855,253.0,2016,11,333,0,0,1,-3.6284584138116855,1,0
2016-11-29,11,131.8999999999998,7978.236363636364,-5.7183856883339255,277.0,2016,11,334,1,0,1,-3.7183856883339255,0,1
2016-11-30,11,-36.77272727272711,8083.336363636364,-4.938692239448262,301.0,2016,11,335,2,0,1,-2.9386922394482617,0,0
2016-12-01,11,-179.7818181818183,7592.054545454546,-2.2847891640383584,318.0,2016,12,336,3,0,1,-0.2847891640383584,0,0
2016-12-02,11,-176.99090909090899,7608.227272727273,-5.047810947207707,336.0,2016,12,337,4,0,1,-3.047810947207707,0,0
2016-12-03,11,-91.23636363636366,7506.7,-5.318525585736212,360.0,2016,12,338,5,0,1,-3.3185255857362117,0,0
2016-12-04,11,18.372727272727307,7693.609090909091,-4.873175587275373,384.0,2016,12,339,6,0,1,-2.873175587275373,0,0
2016-12-05,11,66.28181818181805,7972.509090909091,-3.99275002246451,405.0,2016,12,340,0,0,1,-1.9927500224645098,0,0
2016-12-06,11,-5.900000000000133,8097.136363636364,-5.020402589791828,426.0,2016,12,341,1,0,1,-3.0204025897918276,0,0
2016-12-07,11,-53.445454545454346,7958.1,-3.69105384633791,446.0,2016,12,342,2,0,1,-1.6910538463379101,0,0
2016-12-08,11,-17.82727272727268,7913.927272727273,-2.763609278254464,463.0,2016,12,343,3,0,1,-0.7636092782544641,0,0
2016-12-09,11,-180.98181818181845,7655.227272727273,-1.420487173258975,478.0,2016,12,344,4,0,0,0.579512826741025,0,0
2016-12-10,11,16.909090909090825,7464.872727272727,-1.9066012924617004,478.0,2016,12,345,5,0,0,0.0933987075382996,0,0
2016-12-11,11,-176.74545454545444,7335.718181818182,-3.6592079320300233,491.0,2016,12,346,6,0,1,-1.6592079320300233,1,0
2016-12-12,11,-444.32727272727243,7860.390909090909,-4.787451457513945,511.0,2016,12,347,0,0,1,-2.787451457513945,0,1
2016-12-13,11,-259.38181818181806,7906.709090909091,-3.4671753055493797,532.0,2016,12,348,1,0,1,-1.4671753055493797,0,0
2016-12-14,11,-355.93636363636364,7811.772727272727,-3.934231823034944,552.0,2016,12,349,2,0,1,-1.9342318230349438,0,0
2016-12-15,11,-233.6000000000001,8025.845454545455,-4.150154698444699,572.0,2016,12,350,3,0,1,-2.150154698444699,0,0
2016-12-16,11,-80.33636363636354,8055.772727272727,-4.956169536033704,592.0,2016,12,351,4,0,1,-2.9561695360337037,0,0
2016-12-17,11,85.41818181818168,7757.327272727273,-5.161218581953258,616.0,2016,12,352,5,0,1,-3.161218581953258,0,0
2016-12-18,11,-453.99090909090916,7458.118181818182,-4.269398510948726,640.0,2016,12,353,6,0,1,-2.269398510948726,0,0
2016-12-19,11,-516.2363636363635,7794.290909090909,-3.7842144387399888,664.0,2016,12,354,0,0,1,-1.7842144387399888,0,0
2016-12-20,11,-319.9181818181818,7757.354545454545,-0.7237358898993919,677.0,2016,12,355,1,0,0,1.276264110100608,0,0
2016-12-21,11,-449.2181818181816,7646.690909090909,-1.8364991994024449,677.0,2016,12,356,2,1,0,0.16350080059755512,0,0
2016-12-22,11,-462.8727272727272,7391.963636363637,-2.2811947039894633,685.0,2016,12,357,3,1,1,-0.28119470398946333,1,0
2016-12-23,11,-448.3545454545456,7211.927272727273,-2.550350713420801,698.0,2016,12,358,4,1,1,-0.550350713420801,0,1
2016-12-24,11,-46.05454545454549,6836.927272727273,-0.9334208620023258,710.0,2016,12,359,5,1,0,1.0665791379976741,0,0
2016-12-25,11,69.21818181818179,6754.872727272727,1.817348573944817,710.0,2016,12,360,6,1,0,3.817348573944817,0,0
2016-12-26,11,-319.6727272727272,6752.445454545454,-0.430255818330766,710.0,2016,12,361,0,1,0,1.569744181669234,0,0
2016-12-27,11,-295.1363636363636,7337.890909090909,-5.429216946207078,723.0,2016,12,362,1,1,1,-3.4292169462070783,1,0
2016-12-28,11,193.95454545454538,7741.154545454545,-5.402420970153592,747.0,2016,12,363,2,1,1,-3.4024209701535924,0,1
2016-12-29,11,-350.1818181818181,7379.254545454546,-5.209254159573916,771.0,2016,12,364,3,1,1,-3.2092541595739164,0,0
2016-12-30,11,-56.02727272727258,7438.4,-5.4570961678345205,795.0,2016,12,365,4,1,1,-3.4570961678345205,0,0
2017-11-01,11,477.8727272727272,7442.9,1.0982184869850515,14.0,2017,11,305,2,0,0,3.0982184869850515,0,0
2017-11-02,11,771.3090909090909,7609.063636363636,1.1320231594689818,14.0,2017,11,306,3,0,0,3.132023159468982,0,0
2017-11-03,11,485.7454545454546,7327.472727272727,1.5586840987387844,14.0,2017,11,307,4,0,0,3.5586840987387847,0,0
2017-11-04,11,519.7181818181818,7072.990909090909,3.424773222103555,14.0,2017,11,308,5,0,0,5.424773222103555,0,0
2017-11-05,11,885.0181818181819,7690.390909090909,-3.200279565879323,15.0,2017,11,309,6,0,1,-1.200279565879323,1,0
2017-11-06,11,1036.5545454545454,8221.209090909091,-3.1689063439555265,39.0,2017,11,310,0,0,1,-1.1689063439555265,0,1
2017-11-07,11,590.7818181818183,7802.836363636364,-2.0916624568640763,55.0,2017,11,311,1,0,1,-0.09166245686407626,0,0
2017-11-08,11,629.9818181818181,7942.945454545454,-2.0215613000647106,65.0,2017,11,312,2,0,1,-0.021561300064710576,0,0
2017-11-09,11,227.41818181818178,7805.681818181818,-3.061436537984052,74.0,2017,11,313,3,0,1,-1.061436537984052,0,0
2017-11-10,11,769.4545454545458,7979.563636363636,-0.36951100099836703,90.0,2017,11,314,4,0,0,1.630488999001633,0,0
2017-11-11,11,1302.809090909091,7979.7,1.8646381418981852,90.0,2017,11,315,5,0,0,3.864638141898185,0,0
2017-11-12,11,1440.5818181818183,8435.654545454545,-5.0316652978594725,91.0,2017,11,316,6,0,1,-3.0316652978594725,1,0
2017-11-13,11,993.0090909090911,8812.736363636364,-6.3947077500582905,115.0,2017,11,317,0,0,1,-4.3947077500582905,0,1
2017-11-14,11,929.6727272727277,8836.254545454545,-6.799800237857688,139.0,2017,11,318,1,0,1,-4.799800237857688,0,0
2017-11-15,11,123.99090909090881,8125.609090909091,-4.46740297806492,163.0,2017,11,319,2,0,1,-2.4674029780649196,0,0
2017-11-16,11,508.1454545454544,8364.654545454545,-4.339121794595867,184.0,2017,11,320,3,0,1,-2.339121794595867,0,0
2017-11-17,11,315.90000000000015,8095.172727272727,-4.628343923409727,205.0,2017,11,321,4,0,1,-2.6283439234097266,0,0
2017-11-18,11,300.98181818181837,7754.063636363636,-5.2541270644660365,229.0,2017,11,322,5,0,1,-3.2541270644660365,0,0
2017-11-19,11,201.02727272727267,7501.245454545454,-5.601289339091418,253.0,2017,11,323,6,0,1,-3.6012893390914176,0,0
2017-11-20,11,574.6636363636367,8370.045454545454,-1.2221063631374678,273.0,2017,11,324,0,0,0,0.7778936368625322,0,0
2017-11-21,11,522.7363636363636,8138.390909090909,-1.0644733488478801,273.0,2017,11,325,1,0,0,0.9355266511521199,0,0
2017-11-22,11,711.1909090909093,8312.236363636364,-1.2819290401114265,273.0,2017,11,326,2,0,0,0.7180709598885735,0,0
2017-11-23,11,618.3909090909093,8085.163636363636,0.04836524994516782,273.0,2017,11,327,3,0,0,2.0483652499451677,0,0
2017-11-24,11,688.2363636363634,8011.909090909091,1.2383090661888847,273.0,2017,11,328,4,0,0,3.2383090661888847,0,0
2017-11-25,11,898.4545454545458,8246.336363636363,-5.338701219638136,275.0,2017,11,329,5,0,1,-3.3387012196381356,1,0
2017-11-26,11,994.9727272727276,8283.772727272728,-8.032472454341223,299.0,2017,11,330,6,0,1,-6.032472454341223,0,1
2017-11-27,11,538.4,8326.10909090909,-4.119838892635418,323.0,2017,11,331,0,0,1,-2.1198388926354177,0,0
2017-11-28,11,669.0909090909091,8301.936363636363,-4.352916620130273,347.0,2017,11,332,1,0,1,-2.352916620130273,0,0
2017-11-29,11,530.2090909090911,8515.618181818181,-7.448158586237759,371.0,2017,11,333,2,0,1,-5.448158586237759,0,0
2017-11-30,11,737.2454545454544,8536.709090909091,-8.9168453687728,395.0,2017,11,334,3,0,1,-6.916845368772799,0,0
2017-12-01,11,9.400000000000132,8215.927272727273,-10.348726523728224,419.0,2017,12,335,4,0,1,-8.348726523728224,0,0
2017-12-02,11,164.6909090909092,8137.172727272727,-11.135349236710413,443.0,2017,12,336,5,0,1,-9.135349236710413,0,0
2017-12-03,11,504.9181818181818,8080.3,-8.060331017746059,467.0,2017,12,337,6,0,1,-6.0603310177460585,0,0
2017-12-04,11,-22.51818181818197,8078.809090909091,-5.737637733214629,491.0,2017,12,338,0,0,1,-3.737637733214629,0,0
2017-12-05,11,85.16363636363621,8163.590909090909,-5.513434795489254,515.0,2017,12,339,1,0,1,-3.513434795489254,0,0
2017-12-06,11,124.5727272727272,8228.054545454546,-4.944504240637815,539.0,2017,12,340,2,0,1,-2.944504240637815,0,0
2017-12-07,11,605.6727272727271,8394.254545454545,-2.790248856550807,563.0,2017,12,341,3,0,1,-0.7902488565508068,0,0
2017-12-08,11,279.7090909090908,8254.59090909091,-8.494277504886627,579.0,2017,12,342,4,0,1,-6.494277504886627,0,0
2017-12-09,11,200.8909090909092,8288.245454545455,-12.568457754583767,603.0,2017,12,343,5,0,1,-10.568457754583767,0,0
2017-12-10,11,1097.2363636363639,8600.709090909091,-0.8594574630734644,627.0,2017,12,344,6,0,0,1.1405425369265356,0,0
2017-12-11,11,980.2272727272727,8833.572727272727,-1.8948321438379678,629.0,2017,12,345,0,0,0,0.10516785616203217,0,0
2017-12-12,11,542.1818181818184,8739.145454545454,-8.60220329028402,646.0,2017,12,346,1,0,1,-6.60220329028402,1,0
2017-12-13,11,295.2272727272726,8216.463636363636,-2.6216645649865526,670.0,2017,12,347,2,0,1,-0.6216645649865526,0,1
2017-12-14,11,847.9636363636367,8715.99090909091,-2.8828549499731877,690.0,2017,12,348,3,0,1,-0.8828549499731877,0,0
2017-12-15,11,1020.7090909090911,8976.672727272728,-7.923591085451287,713.0,2017,12,349,4,0,1,-5.923591085451287,0,0
2017-12-16,11,906.7636363636361,8679.772727272728,-7.083949862463388,737.0,2017,12,350,5,0,1,-5.083949862463388,0,0
2017-12-17,11,987.6454545454544,8767.618181818181,-10.81811051161539,761.0,2017,12,351,6,0,1,-8.81811051161539,0,0
2017-12-18,11,783.3636363636364,8898.627272727272,-7.17280545630015,785.0,2017,12,352,0,0,1,-5.17280545630015,0,0
2017-12-19,11,255.0818181818184,8319.490909090908,-6.283278791641084,809.0,2017,12,353,1,0,1,-4.283278791641084,0,0
2017-12-20,11,65.08181818181824,8467.509090909092,-6.5721448887640435,833.0,2017,12,354,2,0,1,-4.5721448887640435,0,0
2017-12-21,11,329.36363636363643,8028.445454545454,-0.9952627442513028,850.0,2017,12,355,3,1,0,1.0047372557486973,0,0
2017-12-22,11,754.281818181818,8264.736363636364,-1.4610968287593857,850.0,2017,12,356,4,1,0,0.5389031712406143,0,0
2017-12-23,11,223.1727272727274,7605.518181818182,-3.9898056889841658,863.0,2017,12,357,5,1,1,-1.9898056889841658,1,0
2017-12-24,11,272.6818181818181,7665.618181818182,-2.830881067014671,883.0,2017,12,358,6,1,1,-0.8308810670146709,0,1
2017-12-25,11,634.1727272727271,7863.0,-3.1564609515048896,900.0,2017,12,359,0,1,1,-1.1564609515048896,0,0
2017-12-26,11,657.4818181818182,8125.872727272727,-2.8938000724296757,920.0,2017,12,360,1,1,1,-0.8938000724296757,0,0
2017-12-27,11,907.5545454545453,8722.345454545455,-5.654091881508645,944.0,2017,12,361,2,1,1,-3.654091881508645,0,0
2017-12-28,11,252.1363636363638,8097.736363636364,-11.030766756568953,968.0,2017,12,362,3,1,1,-9.030766756568953,0,0
2017-12-29,11,693.0454545454545,8207.454545454546,-3.8061304419562645,992.0,2017,12,363,4,1,1,-1.8061304419562645,0,0
2017-12-30,11,816.2454545454547,7921.436363636364,1.1584696695088494,1005.0,2017,12,364,5,1,0,3.1584696695088494,0,0
2018-11-01,11,57.363636363636445,7306.545454545455,1.4443306546130406,0.0,2018,11,305,3,0,0,3.4443306546130406,0,0
2018-11-02,11,-275.1636363636362,6952.472727272727,2.254001435446496,0.0,2018,11,306,4,0,0,4.2540014354464954,0,0
2018-11-03,11,-754.0363636363637,6734.536363636363,3.2139571981343056,0.0,2018,11,307,5,0,0,5.213957198134306,0,0
2018-11-04,11,133.9545454545456,7233.0,4.462481045471464,0.0,2018,11,308,6,0,0,6.462481045471464,0,0
2018-11-05,11,309.1,7507.309090909091,4.302127645870772,0.0,2018,11,309,0,0,0,6.302127645870772,0,0
2018-11-06,11,527.1999999999999,7682.690909090909,3.482750383350165,0.0,2018,11,310,1,0,0,5.482750383350165,0,0
2018-11-07,11,123.16363636363646,7316.845454545455,3.120073804846545,0.0,2018,11,311,2,0,0,5.120073804846545,0,0
2018-11-08,11,-104.17272727272724,7103.918181818182,2.560397084764334,0.0,2018,11,312,3,0,0,4.560397084764334,0,0
2018-11-09,11,387.0272727272728,7321.990909090909,2.63669421819968,0.0,2018,11,313,4,0,0,4.63669421819968,0,0
2018-11-10,11,72.66363636363646,6986.027272727273,3.7866704724430686,0.0,2018,11,314,5,0,0,5.786670472443069,0,0
2018-11-11,11,-459.85454545454525,6672.190909090909,3.370311905303109,0.0,2018,11,315,6,0,0,5.370311905303109,0,0
2018-11-12,11,128.0909090909091,7475.736363636364,3.927855240429588,0.0,2018,11,316,0,0,0,5.927855240429588,0,0
2018-11-13,11,308.1,7498.781818181818,2.8402325500094254,0.0,2018,11,317,1,0,0,4.840232550009425,0,0
2018-11-14,11,409.96363636363617,7625.809090909091,0.08085985370959078,0.0,2018,11,318,2,0,0,2.080859853709591,0,0
2018-11-15,11,310.56363636363625,7648.254545454546,-0.8631639136591756,0.0,2018,11,319,3,0,0,1.1368360863408244,0,0
2018-11-16,11,284.94545454545454,7689.554545454546,-2.250446059382058,0.0,2018,11,320,4,0,1,-0.2504460593820581,1,0
2018-11-17,11,89.05454545454549,7764.8,-4.59786669054344,17.0,2018,11,321,5,0,1,-2.59786669054344,0,1
2018-11-18,11,332.7363636363638,7814.390909090909,-5.373947960317759,41.0,2018,11,322,6,0,1,-3.373947960317759,0,0
2018-11-19,11,324.79090909090917,8230.772727272728,-6.4627684938814705,65.0,2018,11,323,0,0,1,-4.4627684938814705,0,0
2018-11-20,11,-167.9545454545453,8213.209090909091,-4.466035831749163,89.0,2018,11,324,1,0,1,-2.4660358317491626,0,0
2018-11-21,11,170.84545454545471,8017.481818181818,-1.1761856837190205,105.0,2018,11,325,2,0,0,0.8238143162809795,0,0
2018-11-22,11,340.81818181818176,8064.536363636363,-2.4261684527666265,105.0,2018,11,326,3,0,1,-0.4261684527666265,0,0
2018-11-23,11,424.99090909090916,8038.309090909091,-0.13047571202030317,119.0,2018,11,327,4,0,0,1.8695242879796967,0,0
2018-11-24,11,334.9181818181818,7951.981818181818,-2.2325381166133718,119.0,2018,11,328,5,0,1,-0.23253811661337176,0,0
2018-11-25,11,666.7909090909089,7922.681818181818,-3.676640575895826,133.0,2018,11,329,6,0,1,-1.676640575895826,0,0
2018-11-26,11,356.2818181818187,8381.98181818182,-3.2842293565316467,157.0,2018,11,330,0,0,1,-1.2842293565316467,0,0
2018-11-27,11,481.1545454545454,8644.545454545454,-5.2683390795423755,181.0,2018,11,331,1,0,1,-3.2683390795423755,0,0
2018-11-28,11,669.7181818181817,8396.818181818182,-1.3906330880902702,205.0,2018,11,332,2,0,0,0.6093669119097298,0,0
2018-11-29,11,823.0818181818183,8348.98181818182,-0.3674052282983165,206.0,2018,11,333,3,0,0,1.6325947717016835,0,0
2018-11-30,11,554.4727272727273,7787.1,-1.0812168494744525,206.0,2018,11,334,4,0,0,0.9187831505255475,0,0
2018-12-01,11,340.18181818181836,7581.127272727273,-2.0257858706016383,213.0,2018,12,335,5,0,1,-0.025785870601638283,1,0
2018-12-02,11,579.5000000000001,7668.427272727273,3.347951017535324,219.0,2018,12,336,6,0,0,5.347951017535324,0,1
2018-12-03,11,759.1090909090913,8283.900000000001,1.905016889954653,219.0,2018,12,337,0,0,0,3.905016889954653,0,0
2018-12-04,11,795.6727272727271,8205.699999999999,-0.9546231880422712,219.0,2018,12,338,1,0,0,1.0453768119577287,0,0
2018-12-05,11,744.9818181818181,8079.0,2.4975002069039762,219.0,2018,12,339,2,0,0,4.497500206903976,0,0
2018-12-06,11,488.96363636363634,7968.354545454545,0.8873675281134829,219.0,2018,12,340,3,0,0,2.887367528113483,0,0
2018-12-07,11,368.68181818181836,7776.3,-1.1515650497119843,219.0,2018,12,341,4,0,0,0.8484349502880157,0,0
2018-12-08,11,433.1818181818181,7583.3,-0.4034250516204895,235.0,2018,12,342,5,0,0,1.5965749483795104,0,0
2018-12-09,11,533.4636363636363,7854.8,-2.0837193915085352,238.0,2018,12,343,6,0,1,-0.08371939150853525,1,0
2018-12-10,11,435.67272727272734,8166.290909090909,-4.3319128870565216,256.0,2018,12,344,0,0,1,-2.3319128870565216,0,1
2018-12-11,11,360.34545454545423,8441.01818181818,-10.783654790146539,280.0,2018,12,345,1,0,1,-8.783654790146539,0,0
2018-12-12,11,557.1272727272724,8582.472727272727,-12.12813752030002,304.0,2018,12,346,2,0,1,-10.12813752030002,0,0
2018-12-13,11,191.61818181818182,8311.072727272727,-8.918479940770322,328.0,2018,12,347,3,0,1,-6.918479940770322,0,0
2018-12-14,11,299.52727272727276,8373.027272727273,-9.751819656703837,352.0,2018,12,348,4,0,1,-7.751819656703837,0,0
2018-12-15,11,286.91818181818195,8066.354545454545,-5.970766735239983,376.0,2018,12,349,5,0,1,-3.970766735239983,0,0
2018-12-16,11,483.44545454545465,8046.581818181818,-2.810056196442679,387.0,2018,12,350,6,0,1,-0.8100561964426789,0,0
2018-12-17,11,618.0272727272729,8478.081818181818,-6.011148748191956,411.0,2018,12,351,0,0,1,-4.011148748191956,0,0
2018-12-18,11,280.8,8117.063636363636,-3.930632761931793,435.0,2018,12,352,1,0,1,-1.930632761931793,0,0
2018-12-19,11,284.3363636363636,8181.763636363636,-3.3008008239620494,459.0,2018,12,353,2,0,1,-1.3008008239620494,0,0
2018-12-20,11,-39.84545454545473,7877.881818181818,-4.775468463044652,483.0,2018,12,354,3,0,1,-2.7754684630446516,0,0
2018-12-21,11,572.481818181818,8050.090909090909,2.197071015054634,498.0,2018,12,355,4,1,0,4.197071015054634,0,0
2018-12-22,11,589.9,7632.418181818182,0.850677264577977,498.0,2018,12,356,5,1,0,2.850677264577977,0,0
2018-12-23,11,821.281818181818,7738.072727272727,2.8743214474663246,498.0,2018,12,357,6,1,0,4.874321447466325,0,0
2018-12-24,11,538.3363636363636,8102.827272727273,-6.172268327234783,503.0,2018,12,358,0,1,1,-4.172268327234783,1,0
2018-12-25,11,524.8363636363637,7721.190909090909,-6.070213563532738,527.0,2018,12,359,1,1,1,-4.070213563532738,0,1
2018-12-26,11,-49.41818181818177,7536.481818181818,-3.8215792829860535,549.0,2018,12,360,2,1,1,-1.8215792829860535,0,0
2018-12-27,11,206.5181818181819,7652.3,-1.8184559255402208,565.0,2018,12,361,3,1,0,0.18154407445977916,0,0
2018-12-28,11,253.84545454545457,7732.909090909091,-4.178962211033639,570.0,2018,12,362,4,1,1,-2.178962211033639,0,0
2018-12-29,11,26.14545454545458,7400.381818181818,-3.7499547578237196,594.0,2018,12,363,5,1,1,-1.7499547578237196,0,0
2018-12-30,11,-180.99090909090913,7266.627272727273,-2.822557796609288,617.0,2018,12,364,6,1,1,-0.8225577966092881,0,0
2019-11-01,11,640.4181818181817,6832.881818181818,4.7549256639416635,0.0,2019,11,305,4,0,0,6.7549256639416635,0,0
2019-11-02,11,937.5454545454547,6830.109090909091,4.113891848017555,0.0,2019,11,306,5,0,0,6.113891848017555,0,0
2019-11-03,11,681.5181818181818,6689.345454545455,1.4138757999265026,0.0,2019,11,307,6,0,0,3.413875799926503,0,0
2019-11-04,11,1058.881818181818,7339.3,2.041665234246906,0.0,2019,11,308,0,0,0,4.041665234246906,0,0
2019-11-05,11,332.97272727272735,7035.563636363636,-0.37679903565102574,0.0,2019,11,309,1,0,0,1.6232009643489742,0,0
2019-11-06,11,312.7090909090908,7425.109090909091,-2.5499500213189634,0.0,2019,11,310,2,0,1,-0.5499500213189634,1,0
2019-11-07,11,594.3727272727273,7519.409090909091,-1.343248445327731,11.0,2019,11,311,3,0,0,0.6567515546722691,0,1
2019-11-08,11,475.49090909090916,7424.663636363636,-3.396697970023796,12.0,2019,11,312,4,0,1,-1.396697970023796,0,0
2019-11-09,11,672.2181818181817,7670.027272727273,-5.670978785322326,36.0,2019,11,313,5,0,1,-3.670978785322326,0,0
2019-11-10,11,167.93636363636367,7416.127272727273,-5.326483089345643,60.0,2019,11,314,6,0,1,-3.3264830893456434,0,0
2019-11-11,11,799.6090909090909,7851.890909090909,-1.754980130793651,76.0,2019,11,315,0,0,0,0.245019869206349,0,0
2019-11-12,11,349.66363636363616,7912.618181818182,-4.662081506640163,92.0,2019,11,316,1,0,1,-2.6620815066401633,0,0
2019-11-13,11,637.4727272727273,8163.527272727273,-6.254469732001,116.0,2019,11,317,2,0,1,-4.254469732001,0,0
2019-11-14,11,495.04545454545445,7718.636363636364,-1.4261881254598945,140.0,2019,11,318,3,0,0,0.5738118745401055,0,0
2019-11-15,11,348.9,7664.836363636364,-2.80888676387215,145.0,2019,11,319,4,0,1,-0.8088867638721502,0,0
2019-11-16,11,261.74545454545444,7305.136363636364,-3.543793326001087,166.0,2019,11,320,5,0,1,-1.543793326001087,0,0
2019-11-17,11,125.89090909090902,7415.6,-3.7962066654057165,190.0,2019,11,321,6,0,1,-1.7962066654057165,0,0
2019-11-18,11,-149.3909090909092,7649.209090909091,-4.082207897649675,214.0,2019,11,322,0,0,1,-2.082207897649675,0,0
2019-11-19,11,-205.45454545454538,7515.381818181818,-1.8430277536684492,230.0,2019,11,323,1,0,0,0.15697224633155082,0,0
2019-11-20,11,245.3090909090911,7734.663636363636,-2.0695638251430997,233.0,2019,11,324,2,0,1,-0.06956382514309967,0,0
2019-11-21,11,395.96363636363617,7761.418181818182,-1.727689861395627,243.0,2019,11,325,3,0,0,0.2723101386043729,0,0
2019-11-22,11,701.6999999999999,7708.936363636364,0.7722069749095364,244.0,2019,11,326,4,0,0,2.7722069749095364,0,0
2019-11-23,11,680.9727272727273,7264.109090909091,1.5586364402977095,244.0,2019,11,327,5,0,0,3.5586364402977093,0,0
2019-11-24,11,605.2181818181817,7470.072727272727,1.8084539082609006,244.0,2019,11,328,6,0,0,3.8084539082609004,0,0
2019-11-25,11,986.418181818182,7923.909090909091,1.5840959619210728,244.0,2019,11,329,0,0,0,3.584095961921073,0,0
2019-11-26,11,1081.8090909090909,8095.009090909091,1.8269784315913569,244.0,2019,11,330,1,0,0,3.826978431591357,0,0
2019-11-27,11,1039.9363636363635,8105.836363636364,0.6302808691483284,244.0,2019,11,331,2,0,0,2.6302808691483284,0,0
2019-11-28,11,1321.5818181818183,8260.045454545454,-0.4049540041819563,244.0,2019,11,332,3,0,0,1.5950459958180436,0,0
2019-11-29,11,805.0636363636364,8084.990909090909,-1.7322576834604404,244.0,2019,11,333,4,0,0,0.2677423165395596,0,0
2019-11-30,11,813.1818181818181,7983.990909090909,-3.5890022641556216,260.0,2019,11,334,5,0,1,-1.5890022641556216,1,0
2019-12-01,11,440.56363636363625,7928.563636363636,-1.3949187670664733,274.0,2019,12,335,6,0,0,0.6050812329335267,0,1
2019-12-02,11,532.0727272727271,8269.490909090908,-5.1107909367584545,279.0,2019,12,336,0,0,1,-3.1107909367584545,0,0
2019-12-03,11,589.5272727272726,8362.236363636363,-4.800338944985052,303.0,2019,12,337,1,0,1,-2.800338944985052,0,0
2019-12-04,11,130.9818181818182,7926.490909090909,-3.2785877130603582,321.0,2019,12,338,2,0,1,-1.2785877130603582,0,0
2019-12-05,11,595.1909090909091,8126.036363636363,-3.678440214101708,339.0,2019,12,339,3,0,1,-1.678440214101708,0,0
2019-12-06,11,254.5727272727273,7719.4,-1.5460270397025624,359.0,2019,12,340,4,0,0,0.4539729602974376,0,0
2019-12-07,11,455.04545454545445,7598.363636363636,-2.784116595824852,363.0,2019,12,341,5,0,1,-0.7841165958248522,0,0
2019-12-08,11,226.6454545454545,7631.8,-0.5331807604465311,377.0,2019,12,342,6,0,0,1.466819239553469,0,0
2019-12-09,11,-36.07272727272737,7699.163636363636,-3.4316123367153506,382.0,2019,12,343,0,0,1,-1.4316123367153506,0,0
2019-12-10,11,509.80909090909097,8384.69090909091,-7.12057720276094,406.0,2019,12,344,1,0,1,-5.12057720276094,0,0
2019-12-11,11,634.3181818181819,8017.581818181818,-3.9445808515746914,427.0,2019,12,345,2,0,1,-1.9445808515746914,0,0
2019-12-12,11,478.95454545454544,8170.590909090909,-6.468164882214197,451.0,2019,12,346,3,0,1,-4.468164882214197,0,0
2019-12-13,11,909.2090909090908,8173.354545454545,-3.8760973034148476,475.0,2019,12,347,4,0,1,-1.8760973034148476,0,0
2019-12-14,11,307.3181818181819,7540.218181818182,-0.38886631970791646,484.0,2019,12,348,5,0,0,1.6111336802920835,0,0
2019-12-15,11,247.69090909090895,7514.636363636364,-0.19911834419286267,484.0,2019,12,349,6,0,0,1.8008816558071374,0,0
2019-12-16,11,5.590909090909008,7622.354545454545,2.597887955207053,484.0,2019,12,350,0,0,0,4.597887955207053,0,0
2019-12-17,11,622.3636363636364,8093.572727272727,2.723208962657411,484.0,2019,12,351,1,0,0,4.723208962657411,0,0
2019-12-18,11,802.2545454545452,8149.690909090909,1.8502018766777895,484.0,2019,12,352,2,0,0,3.8502018766777892,0,0
2019-12-19,11,742.8636363636365,8044.072727272727,2.0457329748375463,484.0,2019,12,353,3,0,0,4.045732974837547,0,0
2019-12-20,11,714.6363636363636,7867.254545454546,-0.01200420738003635,484.0,2019,12,354,4,0,0,1.9879957926199636,0,0
2019-12-21,11,277.32727272727277,7420.136363636364,-1.5702739303798603,486.0,2019,12,355,5,1,0,0.4297260696201397,0,0
2019-12-22,11,174.00909090909101,7639.427272727273,-2.4373022799399027,488.0,2019,12,356,6,1,1,-0.43730227993990267,1,0
2019-12-23,11,388.5,7602.463636363637,-2.870175749389239,508.0,2019,12,357,0,1,1,-0.8701757493892388,0,1
2019-12-24,11,-57.518181818181716,7377.963636363637,-1.1840123234097335,522.0,2019,12,358,1,1,0,0.8159876765902665,0,0
2019-12-25,11,-232.17272727272723,7059.1,-4.451943213856043,523.0,2019,12,359,2,1,1,-2.451943213856043,0,0
2019-12-26,11,247.76363636363632,7045.427272727273,-1.8798064617299206,547.0,2019,12,360,3,1,0,0.12019353827007939,0,0
2019-12-27,11,532.4545454545457,7071.881818181818,-2.328512473757404,550.0,2019,12,361,4,1,1,-0.3285124737574039,0,0
2019-12-28,11,510.86363636363643,7365.7,-6.1488291632654075,570.0,2019,12,362,5,1,1,-4.1488291632654075,0,0
2019-12-29,11,207.3363636363637,7617.718181818182,-3.9918135738079603,594.0,2019,12,363,6,1,1,-1.9918135738079603,0,0
2019-12-30,11,9.71818181818162,7455.127272727273,-2.1291986414066173,610.0,2019,12,364,0,1,1,-0.1291986414066173,0,0
2020-11-01,11,562.9727272727272,7018.8,6.845507084353832,23.0,2020,11,306,6,0,0,8.845507084353832,0,0
2020-11-02,11,359.82727272727294,6960.418181818182,7.403025075891889,23.0,2020,11,307,0,0,0,9.40302507589189,0,0
2020-11-03,11,137.57272727272738,6955.918181818182,2.3355616802671078,23.0,2020,11,308,1,0,0,4.335561680267108,0,0
2020-11-04,11,323.5363636363636,7087.354545454545,2.3655981170004505,23.0,2020,11,309,2,0,0,4.3655981170004505,0,0
2020-11-05,11,-82.9818181818182,7008.127272727273,1.6406755387823786,23.0,2020,11,310,3,0,0,3.6406755387823786,0,0
2020-11-06,11,617.9727272727273,7118.9,1.7640586766512067,23.0,2020,11,311,4,0,0,3.7640586766512065,0,0
2020-11-07,11,-68.76363636363634,6515.554545454546,2.554848024368489,23.0,2020,11,312,5,0,0,4.554848024368489,0,0
2020-11-08,11,-28.04545454545446,6652.636363636364,2.4416282558977023,23.0,2020,11,313,6,0,0,4.441628255897703,0,0
2020-11-09,11,38.11818181818167,7070.163636363636,1.7172340245994588,23.0,2020,11,314,0,0,0,3.717234024599459,0,0
2020-11-10,11,-77.709090909091,7047.345454545455,1.0170978210116401,23.0,2020,11,315,1,0,0,3.01709782101164,0,0
2020-11-11,11,188.3999999999999,7382.736363636364,0.49749683801704675,23.0,2020,11,316,2,0,0,2.497496838017047,0,0
2020-11-12,11,46.6272727272727,7260.863636363636,-0.3350255225713694,23.0,2020,11,317,3,0,0,1.6649744774286306,0,0
2020-11-13,11,497.39090909090913,7058.309090909091,0.9261062908606654,23.0,2020,11,318,4,0,0,2.926106290860665,0,0
2020-11-14,11,520.6909090909093,7150.554545454546,1.0487273299711595,23.0,2020,11,319,5,0,0,3.0487273299711593,0,0
2020-11-15,11,372.1636363636363,7066.772727272727,2.2855634561483904,23.0,2020,11,320,6,0,0,4.28556345614839,0,0
2020-11-16,11,319.08181818181816,7401.4,-0.5976750466889704,23.0,2020,11,321,0,0,0,1.4023249533110296,0,0
2020-11-17,11,311.94545454545454,7455.472727272727,1.571668394100407,23.0,2020,11,322,1,0,0,3.5716683941004073,0,0
2020-11-18,11,471.5090909090907,7654.881818181818,1.2525857878013424,23.0,2020,11,323,2,0,0,3.252585787801342,0,0
2020-11-19,11,-89.48181818181811,7433.345454545455,-2.2841165405673425,23.0,2020,11,324,3,0,1,-0.2841165405673425,1,0
2020-11-20,11,579.5727272727271,7917.463636363637,-5.719569479405359,43.0,2020,11,325,4,0,1,-3.719569479405359,0,1
2020-11-21,11,374.0818181818182,7552.272727272727,-3.4501004266553124,67.0,2020,11,326,5,0,1,-1.4501004266553124,0,0
2020-11-22,11,112.92727272727271,7282.527272727273,-0.7389370807667042,80.0,2020,11,327,6,0,0,1.2610629192332958,0,0
2020-11-23,11,-378.1636363636363,7540.4,-2.001106680450998,80.0,2020,11,328,0,0,1,-0.0011066804509978212,0,0
2020-11-24,11,235.45454545454547,7855.472727272727,-1.5719417542024743,90.0,2020,11,329,1,0,0,0.4280582457975257,0,0
2020-11-25,11,198.9363636363635,7745.7,-2.3574815702863705,90.0,2020,11,330,2,0,1,-0.3574815702863705,0,0
2020-11-26,11,377.42727272727274,7951.154545454545,-2.344630095865767,102.0,2020,11,331,3,0,1,-0.3446300958657669,0,0
2020-11-27,11,322.03636363636355,7851.909090909091,-2.344068491297665,116.0,2020,11,332,4,0,1,-0.3440684912976648,0,0
2020-11-28,11,561.0545454545455,7740.136363636364,-3.609288038088333,131.0,2020,11,333,5,0,1,-1.6092880380883332,0,0
2020-11-29,11,490.0636363636364,7804.863636363636,-5.180851210859779,154.0,2020,11,334,6,0,1,-3.180851210859779,0,0
2020-11-30,11,915.4272727272728,8566.01818181818,-5.718139192259016,178.0,2020,11,335,0,0,1,-3.7181391922590157,0,0
2020-12-01,11,521.4000000000001,8292.181818181818,-5.788326941635213,202.0,2020,12,336,1,0,1,-3.788326941635213,0,0
2020-12-02,11,397.4727272727275,8402.063636363637,-6.419594760628818,226.0,2020,12,337,2,0,1,-4.419594760628818,0,0
2020-12-03,11,633.7999999999998,8365.19090909091,-4.187564997662043,250.0,2020,12,338,3,0,1,-2.187564997662043,0,0
2020-12-04,11,143.3909090909091,8219.127272727272,-3.2986791123670476,274.0,2020,12,339,4,0,1,-1.2986791123670476,0,0
2020-12-05,11,350.1545454545454,8151.936363636364,-2.7399792198097974,298.0,2020,12,340,5,0,1,-0.7399792198097974,0,0
2020-12-06,11,587.7090909090911,8067.554545454546,-4.478589260340882,322.0,2020,12,341,6,0,1,-2.4785892603408817,0,0
2020-12-07,11,592.5727272727272,8477.372727272728,-5.695521065197867,346.0,2020,12,342,0,0,1,-3.695521065197867,0,0
2020-12-08,11,636.781818181818,8489.272727272728,-4.204139930328629,370.0,2020,12,343,1,0,1,-2.204139930328629,0,0
2020-12-09,11,452.809090909091,8358.463636363636,-7.1151619626975044,394.0,2020,12,344,2,0,1,-5.1151619626975044,0,0
2020-12-10,11,403.18181818181796,8394.754545454545,-7.6994295302173805,418.0,2020,12,345,3,0,1,-5.6994295302173805,0,0
2020-12-11,11,571.9999999999999,8036.845454545455,-4.05989657529154,442.0,2020,12,346,4,0,1,-2.05989657529154,0,0
2020-12-12,11,475.4545454545454,7686.518181818182,-2.3178556358308713,466.0,2020,12,347,5,0,1,-0.3178556358308713,0,0
2020-12-13,11,247.1000000000002,7933.627272727273,-3.358925630688789,490.0,2020,12,348,6,0,1,-1.358925630688789,0,0
2020-12-14,11,291.772727272727,8080.536363636363,0.4046406426970383,504.0,2020,12,349,0,0,0,2.4046406426970384,0,0
2020-12-15,11,237.1272727272727,7854.6,0.4363603038816526,504.0,2020,12,350,1,0,0,2.436360303881653,0,0
2020-12-16,11,-72.40909090909082,7530.445454545454,-1.9038038212429258,504.0,2020,12,351,2,0,0,0.0961961787570742,0,0
2020-12-17,11,26.881818181818,7673.8,-2.1494601794256663,514.0,2020,12,352,3,0,1,-0.14946017942566625,1,0
2020-12-18,11,185.4818181818182,7592.990909090909,-1.9193150171298081,525.0,2020,12,353,4,0,0,0.08068498287019188,0,1
2020-12-19,11,31.0,7449.563636363636,-1.4131487340978033,532.0,2020,12,354,5,0,0,0.5868512659021967,0,0
2020-12-20,11,-49.22727272727289,7412.781818181818,-1.252427208313021,532.0,2020,12,355,6,0,0,0.747572791686979,0,0
2020-12-21,11,119.88181818181825,7615.790909090909,2.2637122771627918,536.0,2020,12,356,0,1,0,4.263712277162792,0,0
2020-12-22,11,92.45454545454545,7264.236363636364,1.2592445946228308,536.0,2020,12,357,1,1,0,3.259244594622831,0,0
2020-12-23,11,325.7,7614.445454545454,1.8008572955046953,536.0,2020,12,358,2,1,0,3.800857295504695,0,0
2020-12-24,11,908.6454545454544,7621.936363636364,-3.3378842016359376,536.0,2020,12,359,3,1,1,-1.3378842016359376,1,0
2020-12-25,11,564.809090909091,7573.718181818182,-7.697523397269691,558.0,2020,12,360,4,1,1,-5.697523397269691,0,1
2020-12-26,11,809.9272727272729,8296.9,-10.877487291302957,582.0,2020,12,361,5,1,1,-8.877487291302957,0,0
2020-12-27,11,510.67272727272734,7887.836363636364,-5.114188501759361,606.0,2020,12,362,6,1,1,-3.1141885017593607,0,0
2020-12-28,11,342.99090909090904,7838.318181818182,-5.975887069526738,630.0,2020,12,363,0,1,1,-3.9758870695267383,0,0
2020-12-29,11,543.1090909090908,7922.990909090909,-7.140358331483611,654.0,2020,12,364,1,1,1,-5.140358331483611,0,0
2020-12-30,11,499.5363636363636,8166.045454545455,-8.626847856922724,678.0,2020,12,365,2,1,1,-6.6268478569227245,0,0
2023-11-01,11,671.5272727272727,7588.736363636364,2.0924545124316114,0.0,2023,11,305,2,0,0,4.092454512431612,0,0
2023-11-02,11,-153.2636363636365,7383.309090909091,0.32013361544536084,0.0,2023,11,306,3,0,0,2.3201336154453607,0,0
2023-11-03,11,-501.4636363636364,7031.063636363636,-2.8483414424591995,1.0,2023,11,307,4,0,1,-0.8483414424591995,1,0
2023-11-04,11,-12.90000000000005,7207.954545454545,0.24567622357387622,16.0,2023,11,308,5,0,0,2.2456762235738763,0,1
2023-11-05,11,-368.8454545454546,7191.636363636364,-0.5891302716270397,16.0,2023,11,309,6,0,0,1.4108697283729603,0,0
2023-11-06,11,-436.62727272727255,7320.972727272727,-0.3353384338828344,16.0,2023,11,310,0,0,0,1.6646615661171655,0,0
2023-11-07,11,-369.70909090909095,7439.272727272727,-2.7184840271178716,16.0,2023,11,311,1,0,1,-0.7184840271178716,1,0
2023-11-08,11,-272.10000000000036,7349.772727272727,-3.2883577316628263,30.0,2023,11,312,2,0,1,-1.2883577316628263,0,1
2023-11-09,11,-489.8545454545454,7045.936363636364,-0.5856169032018349,43.0,2023,11,313,3,0,0,1.414383096798165,0,0
2023-11-10,11,-255.1181818181819,7330.536363636363,-2.3584723257923774,43.0,2023,11,314,4,0,1,-0.3584723257923774,0,0
2023-11-11,11,-81.97272727272725,7391.536363636363,-4.163649811489107,63.0,2023,11,315,5,0,1,-2.1636498114891074,0,0
2023-11-12,11,-90.67272727272749,7220.081818181818,2.1581842623890273,76.0,2023,11,316,6,0,0,4.158184262389027,0,0
2023-11-13,11,333.45454545454527,7309.9,6.071581400232131,76.0,2023,11,317,0,0,0,8.07158140023213,0,0
2023-11-14,11,650.4636363636365,7783.845454545455,2.7619019648595304,76.0,2023,11,318,1,0,0,4.761901964859531,0,0
2023-11-15,11,95.57272727272738,7389.709090909091,-1.894136373324563,76.0,2023,11,319,2,0,0,0.10586362667543692,0,0
2023-11-16,11,43.41818181818169,7510.818181818182,1.1364329519274339,84.0,2023,11,320,3,0,0,3.136432951927434,0,0
2023-11-17,11,198.3727272727273,7702.481818181818,-3.1480750537121223,86.0,2023,11,321,4,0,1,-1.1480750537121223,1,0
2023-11-18,11,562.5363636363636,7655.727272727273,3.3747030111169902,103.0,2023,11,322,5,0,0,5.37470301111699,0,1
2023-11-19,11,555.2818181818183,7605.736363636364,2.1259484298228073,103.0,2023,11,323,6,0,0,4.125948429822808,0,0
2023-11-20,11,-365.44545454545465,7362.054545454546,0.18777348111279063,103.0,2023,11,324,0,0,0,2.1877734811127905,0,0
2023-11-21,11,-125.81818181818207,7471.981818181818,-1.0851108641227925,103.0,2023,11,325,1,0,0,0.9148891358772075,0,0
2023-11-22,11,-213.67272727272714,7751.581818181818,-4.129754261261086,105.0,2023,11,326,2,0,1,-2.129754261261086,1,0
2023-11-23,11,-426.16363636363644,7350.627272727273,-1.891111343293179,121.0,2023,11,327,3,0,0,0.10888865670682102,0,1
2023-11-24,11,-881.718181818182,7492.872727272727,-5.173078116899661,125.0,2023,11,328,4,0,1,-3.173078116899661,0,0
2023-11-25,11,-699.9000000000001,7745.018181818182,-6.0905004682880755,149.0,2023,11,329,5,0,1,-4.0905004682880755,0,0
2023-11-26,11,-601.4636363636362,7554.481818181818,-6.607036150627319,173.0,2023,11,330,6,0,1,-4.607036150627319,0,0
2023-11-27,11,332.2818181818182,7970.045454545455,-2.104005268090855,197.0,2023,11,331,0,0,1,-0.1040052680908552,0,0
2023-11-28,11,518.7454545454543,8616.536363636364,-7.761761788235328,218.0,2023,11,332,1,0,1,-5.761761788235328,0,0
2023-11-29,11,790.718181818182,8787.454545454546,-6.032200260498389,242.0,2023,11,333,2,0,1,-4.032200260498389,0,0
2023-11-30,11,488.41818181818195,8320.90909090909,0.58016112505227,256.0,2023,11,334,3,0,0,2.5801611250522702,0,0
2023-12-01,11,75.49090909090923,8072.418181818182,-3.277986864551535,258.0,2023,12,335,4,0,1,-1.277986864551535,0,0
2023-12-02,11,132.00909090909101,8228.545454545454,-9.603971159384498,282.0,2023,12,336,5,0,1,-7.603971159384498,0,0
2023-12-03,11,7.472727272727256,8261.6,-9.400259655066732,306.0,2023,12,337,6,0,1,-7.400259655066732,0,0
2023-12-04,11,124.35454545454542,8398.318181818182,-4.097386835485991,330.0,2023,12,338,0,0,1,-2.097386835485991,0,0
2023-12-05,11,48.872727272727225,8570.818181818182,-4.696018449641395,354.0,2023,12,339,1,0,1,-2.696018449641395,0,0
2023-12-06,11,-350.727272727273,8215.290909090909,-7.052479572737966,378.0,2023,12,340,2,0,1,-5.052479572737966,0,0
2023-12-07,11,-190.00909090909093,7899.6727272727285,-3.6183843299593232,402.0,2023,12,341,3,0,1,-1.6183843299593232,0,0
2023-12-08,11,46.6000000000002,8039.845454545455,-1.5782714100779935,416.0,2023,12,342,4,0,0,0.42172858992200646,0,0
2023-12-09,11,885.418181818182,8296.754545454545,-0.170009406924466,424.0,2023,12,343,5,0,0,1.829990593075534,0,0
2023-12-10,11,353.97272727272735,7793.627272727273,1.3216454925663805,424.0,2023,12,344,6,0,0,3.3216454925663808,0,0
2023-12-11,11,263.2181818181818,7807.963636363637,2.004809305270415,424.0,2023,12,345,0,0,0,4.004809305270415,0,0
2023-12-12,11,227.8181818181819,7761.363636363636,1.1680451416278073,424.0,2023,12,346,1,0,0,3.1680451416278075,0,0
2023-12-13,11,-101.81818181818198,7884.690909090909,-2.2119122868973844,424.0,2023,12,347,2,0,1,-0.2119122868973844,1,0
2023-12-14,11,-433.13636363636346,7397.809090909091,-2.752673469298785,439.0,2023,12,348,3,0,1,-0.7526734692987849,0,1
2023-12-15,11,-378.79090909090917,7506.254545454546,-5.815053774985511,463.0,2023,12,349,4,0,1,-3.815053774985511,0,0
2023-12-16,11,183.86363636363652,8061.290909090909,-2.812427689741159,487.0,2023,12,350,5,0,1,-0.8124276897411589,0,0
2023-12-17,11,572.2818181818182,7976.727272727273,-1.2957981446086564,501.0,2023,12,351,6,0,0,0.7042018553913436,0,0
2023-12-18,11,-127.55454545454565,7699.518181818182,-1.4661636681588994,501.0,2023,12,352,0,0,0,0.5338363318411006,0,0
2023-12-19,11,-402.90909090909093,7517.836363636364,-1.320622430690223,502.0,2023,12,353,1,0,0,0.679377569309777,0,0
2023-12-20,11,-378.1454545454546,7594.572727272727,-3.418083112808821,505.0,2023,12,354,2,0,1,-1.4180831128088212,1,0
2023-12-21,11,50.69999999999998,7943.545454545455,0.38530085472066006,518.0,2023,12,355,3,1,0,2.38530085472066,0,1
2023-12-22,11,493.4545454545452,7884.563636363636,-0.3122778594308515,518.0,2023,12,356,4,1,0,1.6877221405691485,0,0
2023-12-23,11,487.95454545454544,7819.209090909091,-2.440194420997971,518.0,2023,12,357,5,1,1,-0.4401944209979711,1,0
2023-12-24,11,807.6727272727272,8104.3,2.008746807305401,529.0,2023,12,358,6,1,0,4.008746807305402,0,1
2023-12-25,11,606.881818181818,8113.590909090909,-0.33309336701331965,529.0,2023,12,359,0,1,0,1.6669066329866804,0,0
2023-12-26,11,-191.3272727272726,7062.427272727273,-3.276447832176149,531.0,2023,12,360,1,1,1,-1.276447832176149,1,0
2023-12-27,11,748.7363636363635,8030.127272727273,-1.3392677205147925,546.0,2023,12,361,2,1,0,0.6607322794852075,0,1
2023-12-28,11,265.02727272727276,7580.118181818182,-0.36771006632698067,550.0,2023,12,362,3,1,0,1.6322899336730194,0,0
2023-12-29,11,588.4363636363637,7873.336363636364,-0.8380367260451776,550.0,2023,12,363,4,1,0,1.1619632739548225,0,0
2023-12-30,11,172.86363636363637,7400.2,-2.301873224192513,557.0,2023,12,364,5,1,1,-0.30187322419251306,1,0
2024-11-01,11,154.15454545454534,7080.990909090909,2.969572069216538,0.0,2024,11,306,4,0,0,4.969572069216538,0,0
2024-11-02,11,478.8636363636361,7124.736363636364,2.3001292326551814,0.0,2024,11,307,5,0,0,4.300129232655181,0,0
2024-11-03,11,-270.290909090909,7050.672727272727,2.8567115190890022,0.0,2024,11,308,6,0,0,4.856711519089002,0,0
2024-11-04,11,290.17272727272734,7496.781818181818,2.7003865961890687,0.0,2024,11,309,0,0,0,4.700386596189069,0,0
2024-11-05,11,370.1909090909088,7843.027272727273,3.2736100102428036,0.0,2024,11,310,1,0,0,5.273610010242804,0,0
2024-11-06,11,-521.8454545454547,7017.045454545455,2.083182441858543,0.0,2024,11,311,2,0,0,4.083182441858543,0,0
2024-11-07,11,34.345454545454565,7308.254545454546,0.891844170184486,0.0,2024,11,312,3,0,0,2.891844170184486,0,0
2024-11-08,11,-82.2545454545454,7203.436363636364,1.547502807815014,0.0,2024,11,313,4,0,0,3.5475028078150137,0,0
2024-11-09,11,-1.4090909090907437,7173.009090909091,0.3934070402010848,0.0,2024,11,314,5,0,0,2.393407040201085,0,0
2024-11-10,11,485.1090909090908,7863.872727272727,-0.7458860509842732,0.0,2024,11,315,6,0,0,1.2541139490157267,0,0
2024-11-11,11,-106.0909090909091,7565.118181818182,-0.7583541189199202,0.0,2024,11,316,0,0,0,1.2416458810800797,0,0
2024-11-12,11,-218.0818181818183,7758.563636363636,-2.5035883076540726,0.0,2024,11,317,1,0,1,-0.5035883076540726,1,0
2024-11-13,11,348.39090909090885,8216.145454545454,-2.430603799583279,13.0,2024,11,318,2,0,1,-0.4306037995832792,0,1
2024-11-14,11,558.4181818181821,8323.545454545454,-3.5806008837757477,29.0,2024,11,319,3,0,1,-1.5806008837757477,0,0
2024-11-15,11,64.3636363636362,7564.281818181818,-2.228343720977541,44.0,2024,11,320,4,0,1,-0.22834372097754096,0,0
2024-11-16,11,-141.08181818181814,7174.327272727273,-2.2222586474228936,58.0,2024,11,321,5,0,1,-0.22225864742289358,0,0
2024-11-17,11,-219.45454545454547,7448.927272727273,-0.004090622167250255,70.0,2024,11,322,6,0,0,1.9959093778327497,0,0
2024-11-18,11,0.48181818181819835,7918.481818181818,-0.5767070085142266,70.0,2024,11,323,0,0,0,1.4232929914857735,0,0
2024-11-19,11,480.61818181818177,8186.236363636364,0.7369924827382083,70.0,2024,11,324,1,0,0,2.7369924827382084,0,0
2024-11-20,11,502.3727272727272,8906.800000000001,-7.264762130017704,84.0,2024,11,325,2,0,1,-5.264762130017704,1,0
2024-11-21,11,290.39090909090896,8619.845454545455,-4.452332605620551,108.0,2024,11,326,3,0,1,-2.452332605620551,0,1
2024-11-22,11,663.3545454545457,8592.48181818182,-8.102760614309878,132.0,2024,11,327,4,0,1,-6.102760614309878,0,0
2024-11-23,11,650.5454545454543,8415.709090909091,-2.4472861288109105,156.0,2024,11,328,5,0,1,-0.44728612881091045,0,0
2024-11-24,11,884.718181818182,8262.972727272727,0.113682063982593,163.0,2024,11,329,6,0,0,2.113682063982593,0,0
2024-11-25,11,579.8636363636364,8260.281818181818,1.5893885995003367,163.0,2024,11,330,0,0,0,3.589388599500337,0,0
2024-11-26,11,865.3727272727275,8689.790909090909,-0.5422697473758249,163.0,2024,11,331,1,0,0,1.457730252624175,0,0
2024-11-27,11,616.4909090909093,8416.463636363636,0.295118985479794,163.0,2024,11,332,2,0,0,2.295118985479794,0,0
2024-11-28,11,581.2727272727271,8505.40909090909,-1.317948217719444,163.0,2024,11,333,3,0,0,0.6820517822805561,0,0
2024-11-29,11,977.8636363636364,8735.009090909092,-4.701960439874002,177.0,2024,11,334,4,0,1,-2.701960439874002,1,0
2024-11-30,11,399.57272727272715,8347.281818181818,-4.448521552658025,199.0,2024,11,335,5,0,1,-2.4485215526580246,0,1
2024-12-01,11,474.10000000000014,8078.745454545454,-1.4016106698846587,219.0,2024,12,336,6,0,0,0.5983893301153413,0,0
2024-12-02,11,742.9545454545454,8217.545454545454,0.5053248868015071,224.0,2024,12,337,0,0,0,2.5053248868015072,0,0
2024-12-03,11,631.5545454545453,8555.199999999999,-4.255960323244358,230.0,2024,12,338,1,0,1,-2.2559603232443584,1,0
2024-12-04,11,-1966.3000000000002,6221.063636363636,-6.365345971489382,254.0,2024,12,339,2,0,1,-4.365345971489382,0,1
2024-12-05,11,-2263.4545454545455,5680.363636363636,0.5173782151084066,278.0,2024,12,340,3,0,0,2.5173782151084065,0,0
2024-12-06,11,-682.5181818181821,7119.727272727273,-4.883739754855098,281.0,2024,12,341,4,0,1,-2.883739754855098,0,0
2024-12-07,11,37.27272727272719,7656.690909090909,-4.169791026747178,298.0,2024,12,342,5,0,1,-2.169791026747178,0,0
2024-12-08,11,363.490909090909,8466.472727272727,-4.049283442742139,322.0,2024,12,343,6,0,1,-2.049283442742139,0,0
2024-12-09,11,-53.00909090909094,8382.218181818182,-5.799944903921679,346.0,2024,12,344,0,0,1,-3.799944903921679,0,0
2024-12-10,11,1039.0545454545454,9311.663636363637,-6.491931427733774,370.0,2024,12,345,1,0,1,-4.491931427733774,0,0
2024-12-11,11,500.58181818181805,8753.89090909091,-7.202396034844847,394.0,2024,12,346,2,0,1,-5.202396034844847,0,0
2024-12-12,11,-189.69090909090903,8474.199999999999,-6.503792894204153,418.0,2024,12,347,3,0,1,-4.503792894204153,0,0
2024-12-13,11,-498.36363636363643,7905.709090909091,-4.542328366708747,442.0,2024,12,348,4,0,1,-2.5423283667087473,0,0
2024-12-14,11,-18.127272727272693,7694.736363636364,-3.359872434202757,466.0,2024,12,349,5,0,1,-1.359872434202757,0,0
2024-12-15,11,505.29090909090917,8159.745454545454,-3.4514315974555214,490.0,2024,12,350,6,0,1,-1.4514315974555214,0,0
2024-12-16,11,437.87272727272745,8277.327272727272,-0.752301046678659,501.0,2024,12,351,0,0,0,1.247698953321341,0,0
2024-12-17,11,728.272727272727,8318.154545454545,-0.4790256487892629,501.0,2024,12,352,1,0,0,1.5209743512107372,0,0
2024-12-18,11,399.4636363636364,7809.154545454545,1.8689777651646713,501.0,2024,12,353,2,0,0,3.8689777651646713,0,0
2024-12-19,11,206.6454545454544,8360.136363636364,-4.640981533437683,501.0,2024,12,354,3,0,1,-2.6409815334376834,1,0
2024-12-20,11,418.9272727272724,8705.772727272728,-8.910269920149718,525.0,2024,12,355,4,0,1,-6.910269920149718,0,1
2024-12-21,11,-200.3090909090911,7537.636363636364,-2.1521311766191022,549.0,2024,12,356,5,1,1,-0.15213117661910225,0,0
2024-12-22,11,609.5636363636361,8532.827272727272,-6.942992361448336,561.0,2024,12,357,6,1,1,-4.942992361448336,0,0
2024-12-23,11,160.53636363636352,8153.972727272727,-6.013433005145926,585.0,2024,12,358,0,1,1,-4.013433005145926,0,0
2024-12-24,11,384.8727272727272,8486.027272727273,-8.295128528609007,609.0,2024,12,359,1,1,1,-6.295128528609007,0,0
2024-12-25,11,-310.081818181818,7746.518181818182,-4.9327913143413005,633.0,2024,12,360,2,1,1,-2.9327913143413005,0,0
2024-12-26,11,-994.9454545454545,6696.981818181818,-3.5084860484921636,657.0,2024,12,361,3,1,1,-1.5084860484921636,0,0
2024-12-27,11,-1118.5454545454545,6468.336363636364,-2.952138553145366,675.0,2024,12,362,4,1,1,-0.9521385531453661,0,0
2024-12-28,11,-750.1636363636363,6835.972727272727,-3.0843182385099284,692.0,2024,12,363,5,1,1,-1.0843182385099284,0,0
2024-12-29,11,-216.29090909090908,7402.590909090909,-3.437154968461851,711.0,2024,12,364,6,1,1,-1.4371549684618512,0,0
2024-12-30,11,-675.4727272727274,7122.254545454546,-3.8201697553551326,731.0,2024,12,365,0,1,1,-1.8201697553551326,0,0
2025-11-01,11,-25.17272727272716,6494.363636363636,5.888536690462141,8.0,2025,11,305,5,0,0,7.888536690462141,0,0
2025-11-02,11,-196.9636363636364,7093.836363636364,0.26797562276307885,8.0,2025,11,306,6,0,0,2.2679756227630787,0,0
2025-11-03,11,-158.2181818181818,7391.809090909091,-1.080898168808139,8.0,2025,11,307,0,0,0,0.9191018311918611,0,0
2025-11-04,11,221.24545454545444,7571.809090909091,0.5262939610146214,8.0,2025,11,308,1,0,0,2.5262939610146216,0,0
2025-11-05,11,51.71818181818187,7247.727272727273,0.1491695947689921,8.0,2025,11,309,2,0,0,2.149169594768992,0,0
2025-11-06,11,312.40909090909093,7565.990909090909,0.34140466742417797,8.0,2025,11,310,3,0,0,2.341404667424178,0,0
2025-11-07,11,-334.94545454545454,7114.654545454545,-0.8480139531799633,8.0,2025,11,311,4,0,0,1.1519860468200367,0,0
2025-11-08,11,-491.09090909090907,6742.163636363636,-0.8992407387476757,8.0,2025,11,312,5,0,0,1.1007592612523243,0,0
2025-11-09,11,-338.06363636363636,7142.081818181818,-0.4135350729280058,8.0,2025,11,313,6,0,0,1.5864649270719942,0,0
2025-11-10,11,-236.0181818181818,7219.5,-0.8250356520365248,11.0,2025,11,314,0,0,0,1.174964347963475,0,0
2025-11-11,11,-125.9272727272728,7174.254545454546,0.08617872838833812,11.0,2025,11,315,1,0,0,2.086178728388338,0,0
2025-11-12,11,-62.999999999999915,7121.081818181818,2.1861886627030356,11.0,2025,11,316,2,0,0,4.186188662703035,0,0
2025-11-13,11,-357.6636363636363,6883.109090909091,2.7053800164593507,11.0,2025,11,317,3,0,0,4.705380016459351,0,0
2025-11-14,11,-239.5,6701.536363636363,4.124336976937665,11.0,2025,11,318,4,0,0,6.124336976937665,0,0
2025-11-15,11,-395.60000000000014,6493.990909090909,2.9656323293735016,11.0,2025,11,319,5,0,0,4.965632329373502,0,0
2025-11-16,11,-130.96363636363648,6989.290909090909,2.937046659893632,11.0,2025,11,320,6,0,0,4.937046659893632,0,0
2025-11-17,11,-275.33636363636356,7913.354545454545,-4.669762470079261,14.0,2025,11,321,0,0,1,-2.6697624700792613,1,0
2025-11-18,11,-274.8,8028.909090909091,-7.072166249236845,38.0,2025,11,322,1,0,1,-5.072166249236845,0,1
2025-11-19,11,-195.1000000000001,8157.090909090909,-4.947622350679498,62.0,2025,11,323,2,0,1,-2.947622350679498,0,0
2025-11-20,11,63.24545454545469,8260.618181818181,-7.149442781560685,86.0,2025,11,324,3,0,1,-5.149442781560685,0,0
2025-11-21,11,232.4090909090909,8290.01818181818,-9.418138454800081,110.0,2025,11,325,4,0,1,-7.418138454800081,0,0
2025-11-22,11,206.19090909090903,8413.40909090909,-12.551288452952742,134.0,2025,11,326,5,0,1,-10.551288452952742,0,0
2025-11-23,11,522.4999999999999,8255.863636363636,-1.8717359403182734,158.0,2025,11,327,6,0,0,0.1282640596817266,0,0
2025-11-24,11,147.55454545454515,8569.972727272727,-2.299016218808916,162.0,2025,11,328,0,0,1,-0.2990162188089158,0,0
2025-11-25,11,719.6999999999998,8898.827272727272,-4.435485083981456,183.0,2025,11,329,1,0,1,-2.4354850839814564,0,0
2025-11-26,11,164.1727272727274,8522.118181818181,-5.999222673772158,207.0,2025,11,330,2,0,1,-3.9992226737721577,0,0
2025-11-27,11,832.4272727272727,9031.972727272727,-8.898207818486203,231.0,2025,11,331,3,0,1,-6.898207818486203,0,0
2025-11-28,11,472.98181818181837,8238.218181818182,-2.808520458602913,255.0,2025,11,332,4,0,1,-0.8085204586029131,0,0
2025-11-29,11,203.94545454545442,7936.063636363636,-1.1013196796420657,263.0,2025,11,333,5,0,0,0.8986803203579343,0,0
2025-11-30,11,333.1818181818182,8099.563636363636,-2.4213945609596164,263.0,2025,11,334,6,0,1,-0.42139456095961636,0,0
2025-12-01,11,423.58181818181805,8560.536363636364,-2.8201520461480833,281.0,2025,12,335,0,0,1,-0.8201520461480833,0,0
2025-12-02,11,268.3181818181815,8619.527272727273,-2.9842291199290614,300.0,2025,12,336,1,0,1,-0.9842291199290614,0,0
2025-12-03,11,456.4727272727276,8493.418181818182,-2.854056116344157,318.0,2025,12,337,2,0,1,-0.8540561163441569,0,0
2025-12-04,11,663.0454545454545,8589.09090909091,-2.5277590498041755,338.0,2025,12,338,3,0,1,-0.5277590498041755,0,0
2025-12-05,11,677.0454545454546,8561.081818181818,-4.8532067145024405,362.0,2025,12,339,4,0,1,-2.8532067145024405,0,0
2025-12-06,11,356.9636363636364,7701.372727272727,-0.9763720047797207,376.0,2025,12,340,5,0,0,1.0236279952202794,0,0
2025-12-07,11,631.4454545454545,7901.645454545455,2.6592977918766327,376.0,2025,12,341,6,0,0,4.659297791876632,0,0
2025-12-08,11,130.790909090909,7724.890909090909,1.281582743528547,376.0,2025,12,342,0,0,0,3.281582743528547,0,0
2025-12-09,11,-134.74545454545444,7756.627272727273,-0.1326944537859798,376.0,2025,12,343,1,0,0,1.8673055462140202,0,0
2025-12-10,11,122.60909090909098,7810.9,-0.5328973903753952,376.0,2025,12,344,2,0,0,1.4671026096246047,0,0
2025-12-11,11,474.52727272727276,8082.754545454546,-1.0349830851384134,376.0,2025,12,345,3,0,0,0.9650169148615866,0,0
2025-12-12,11,208.6545454545455,7800.254545454546,-1.6492112991993422,376.0,2025,12,346,4,0,0,0.3507887008006578,0,0
2025-12-13,11,52.027272727272745,7261.790909090909,-2.730243509826076,384.0,2025,12,347,5,0,1,-0.7302435098260762,1,0
2025-12-14,11,234.4545454545453,7836.190909090909,-2.248400985894581,399.0,2025,12,348,6,0,1,-0.24840098589458082,0,1
2025-12-15,11,458.83636363636344,8031.054545454546,-0.2903404985875272,414.0,2025,12,349,0,0,0,1.7096595014124727,0,0
2025-12-16,11,-49.12727272727261,7830.345454545455,0.4540756324769801,414.0,2025,12,350,1,0,0,2.45407563247698,0,0
2025-12-17,11,152.88181818181818,7831.754545454546,-0.2652523615729669,414.0,2025,12,351,2,0,0,1.734747638427033,0,0
2025-12-18,11,-123.70909090909117,7753.409090909091,-0.8612382065957991,414.0,2025,12,352,3,0,0,1.138761793404201,0,0
2025-12-19,11,224.31818181818164,7868.018181818182,-0.06683796035524175,414.0,2025,12,353,4,0,0,1.9331620396447582,0,0
2025-12-20,11,42.71818181818178,7486.563636363636,0.39435449591860366,414.0,2025,12,354,5,0,0,2.394354495918604,0,0
2025-12-21,11,15.236363636363587,7553.9,-0.7631890509159753,414.0,2025,12,355,6,1,0,1.2368109490840247,0,0
2025-12-22,11,10.218181818182115,7526.772727272727,-1.3491133925028704,414.0,2025,12,356,0,1,0,0.6508866074971296,0,0
2025-12-23,11,-228.09090909090875,7836.209090909091,-3.060629019484509,414.0,2025,12,357,1,1,1,-1.0606290194845092,1,0
2025-12-24,11,-513.9818181818185,7710.363636363636,-4.138708873734213,437.0,2025,12,358,2,1,1,-2.1387088737342133,0,1
2025-12-25,11,-193.49999999999991,7651.154545454545,-3.450288317160233,461.0,2025,12,359,3,1,1,-1.4502883171602332,0,0
2025-12-26,11,-228.08181818181848,7936.963636363637,-4.289553195397173,482.0,2025,12,360,4,1,1,-2.289553195397173,0,0
2025-12-27,11,130.6090909090909,7545.754545454546,-4.172049981134769,504.0,2025,12,361,5,1,1,-2.1720499811347693,0,0
2025-12-28,11,-526.4000000000001,7595.972727272727,-4.171547138041367,528.0,2025,12,362,6,1,1,-2.171547138041367,0,0
2025-12-29,11,-168.83636363636361,7853.527272727273,-6.173647378363799,550.0,2025,12,363,0,1,1,-4.173647378363799,0,0
2025-12-30,11,-229.8363636363637,8284.845454545455,-9.912913163049227,574.0,2025,12,364,1,1,1,-7.912913163049227,0,0
