night_date,n_hours,err,err_mw,a_share,f_share,wb,cum_cold_h,season,month,doy,dow,holiday,below,dist,campaign_start,campaign_night2
2019-11-01,11,0.013632546123394656,-13.47081818181819,6.434996182487032,6.421363636363637,-2.934786773006463,0.0,2019,11,305,4,0,1,-0.9347867730064632,0,0
2019-11-02,12,0.02821085095861305,2.5009166666666736,6.37337751762528,6.345166666666667,-1.1176039330364136,12.0,2019,11,306,5,0,0,0.8823960669635864,0,0
2019-11-03,11,0.09693877155654486,-1.0997272727272813,6.402484226101999,6.305545454545455,-1.474973402914091,12.0,2019,11,307,6,0,0,0.5250265970859089,0,0
2019-11-04,11,0.1440039013536083,9.894545454545426,6.443003901353609,6.299,2.820947739838476,14.0,2019,11,308,0,0,0,4.820947739838476,0,0
2019-11-05,11,0.15870902327048106,10.026363636363653,6.452345386906845,6.293636363636364,-0.27424742725605405,14.0,2019,11,309,1,0,0,1.725752572743946,0,0
2019-11-06,11,0.038686660589653095,6.7912727272727125,6.379323024226017,6.340636363636364,-1.5578417292326916,17.0,2019,11,310,2,0,0,0.4421582707673084,0,0
2019-11-07,11,-0.034038354286413976,-14.469999999999997,6.247598009349949,6.2816363636363635,-6.517410882397322,24.0,2019,11,311,3,0,1,-4.517410882397322,1,0
2019-11-08,11,-0.0210707265071569,7.712727272727255,6.323929273492843,6.345,-9.114339794140696,48.0,2019,11,312,4,0,1,-7.114339794140696,0,1
2019-11-09,11,0.0816832743228792,14.88290909090909,6.365137819777424,6.283454545454545,-5.346125476517698,72.0,2019,11,313,5,0,1,-3.346125476517698,0,0
2019-11-10,11,0.014594492308449296,-10.609454545454552,6.303230855944813,6.288636363636363,-1.107077640536594,86.0,2019,11,314,6,0,0,0.8929223594634059,0,0
2019-11-11,11,-0.041069522319031666,-11.99727272727274,6.039657750408241,6.080727272727273,-5.429036100579609,102.0,2019,11,315,0,0,1,-3.4290361005796086,0,0
2019-11-12,11,0.005785972929931579,-1.4858181818181864,6.23987688202084,6.234090909090909,-15.544850956652267,126.0,2019,11,316,1,0,1,-13.544850956652267,0,0
2019-11-13,11,-0.01849358203334434,13.078909090909095,6.270233690693928,6.2887272727272725,-12.769925034814037,150.0,2019,11,317,2,0,1,-10.769925034814037,0,0
2019-11-14,11,0.052805369254487644,14.899999999999988,6.239078096527215,6.186272727272728,-3.7579567005903867,174.0,2019,11,318,3,0,1,-1.7579567005903867,0,0
2019-11-15,11,0.017668941985478123,-7.321818181818199,6.278941669258205,6.261272727272726,-9.768569089079087,191.0,2019,11,319,4,0,1,-7.768569089079087,0,0
2019-11-16,11,-0.012759074767508675,6.694363636363639,6.261150016141582,6.2739090909090915,-13.335685924039488,215.0,2019,11,320,5,0,1,-11.335685924039488,0,0
2019-11-17,11,0.07890639852366449,13.134818181818188,6.2854518530691195,6.206545454545455,-4.59027099554364,239.0,2019,11,321,6,0,1,-2.59027099554364,0,0
2019-11-18,11,0.03525037794286396,-13.684,6.408523105215591,6.3732727272727265,-1.275435903794814,256.0,2019,11,322,0,0,0,0.724564096205186,0,0
2019-11-19,11,-0.0733257153578945,-26.265090909090915,6.3151288300966515,6.388454545454545,-1.769177290627483,257.0,2019,11,323,1,0,0,0.23082270937251703,0,0
2019-11-20,11,-0.0449451327607862,-2.3500000000000125,6.351782139966487,6.396727272727273,-3.000799444362107,275.0,2019,11,324,2,0,1,-1.0007994443621069,1,0
2019-11-21,11,-0.022485689832790777,-1.1464545454545445,6.3365143101672095,6.359,0.8637310621932517,293.0,2019,11,325,3,0,0,2.863731062193252,0,1
2019-11-22,11,-0.005096842007415458,3.6409090909090973,6.341266794356221,6.346363636363637,-6.790313713985202,296.0,2019,11,326,4,0,1,-4.790313713985202,0,0
2019-11-23,11,-0.07945490852793875,-8.65999999999999,6.291908727835698,6.371363636363636,-3.749421115926684,320.0,2019,11,327,5,0,1,-1.7494211159266841,0,0
2019-11-24,11,0.0062464378158294635,2.592090909090912,6.366337346906739,6.360090909090909,-1.895402095927436,333.0,2019,11,328,6,0,0,0.10459790407256397,0,0
2019-11-25,11,-0.05642923309485988,-8.416818181818185,6.331207130541504,6.387636363636363,0.6765601138376108,339.0,2019,11,329,0,0,0,2.6765601138376107,0,0
2019-11-26,11,-0.05490631619634343,-4.587818181818182,6.341275501985475,6.396181818181819,0.4664132439052228,339.0,2019,11,330,1,0,0,2.466413243905223,0,0
2019-11-27,11,-0.011371257414368912,-0.11900000000000753,6.399810560767449,6.411181818181817,1.3698807130847164,339.0,2019,11,331,2,0,0,3.3698807130847164,0,0
2019-11-28,11,-0.08319985209793579,17.75936363636364,6.324072875174791,6.407272727272727,-5.479291270854104,351.0,2019,11,332,3,0,1,-3.4792912708541044,1,0
2019-11-29,11,-0.10244833865698096,-6.933909090909083,6.239824388615745,6.342272727272728,-10.003944003150947,375.0,2019,11,333,4,0,1,-8.003944003150947,0,1
2019-11-30,11,-0.12970200453017985,-9.626363636363635,6.214479813651638,6.344181818181818,-14.037095305451647,399.0,2019,11,334,5,0,1,-12.037095305451647,0,0
2019-12-01,11,0.020753091448295825,1.096181818181828,6.27938945508466,6.258636363636364,-6.422225048214435,423.0,2019,12,335,6,0,1,-4.422225048214435,0,0
2019-12-02,11,0.16026303132541678,13.117363636363631,6.419990304052689,6.259727272727273,-7.175277470183789,447.0,2019,12,336,0,0,1,-5.175277470183789,0,0
2019-12-03,11,-0.019318435717366356,-8.776999999999992,6.314499746100815,6.333818181818182,-7.909860534995451,471.0,2019,12,337,1,0,1,-5.909860534995451,0,0
2019-12-04,11,-0.027259160889131676,-11.891909090909083,6.328649930019958,6.3559090909090905,-2.6273182910278337,495.0,2019,12,338,2,0,1,-0.6273182910278337,0,0
2019-12-05,11,-0.0365514627193991,2.0005454545454624,6.309812173644238,6.346363636363637,-8.385750459980919,519.0,2019,12,339,3,0,1,-6.385750459980919,0,0
2019-12-06,11,-0.25277129889805683,-25.32663636363635,6.210865064738306,6.463636363636363,-8.957021621328142,543.0,2019,12,340,4,0,1,-6.957021621328142,0,0
2019-12-07,11,-0.1486550550617953,-9.78190909090909,6.20779949039275,6.356454545454545,-14.41822728439148,567.0,2019,12,341,5,0,1,-12.41822728439148,0,0
2019-12-08,11,0.07935821872849749,13.92363636363636,6.288630946001225,6.209272727272728,-2.0704924230180692,591.0,2019,12,342,6,0,1,-0.07049242301806924,0,0
2019-12-09,11,0.09544097855784192,8.081000000000017,6.360168251285114,6.264727272727273,6.594868325819305,596.0,2019,12,343,0,0,0,8.594868325819306,0,0
2019-12-10,11,-0.013275607971645943,1.9587272727272669,6.2758153011192634,6.28909090909091,-5.7889445369431956,596.0,2019,12,344,1,0,1,-3.7889445369431956,0,0
2019-12-11,11,-0.06695137618174864,14.437909090909091,6.2755940783637065,6.342545454545455,-10.561270225690045,620.0,2019,12,345,2,0,1,-8.561270225690045,0,0
2019-12-12,11,-0.016076226217862442,15.927545454545463,6.283923773782138,6.3,-8.436679366179327,644.0,2019,12,346,3,0,1,-6.436679366179327,0,0
2019-12-13,11,0.05426767632537934,0.4809090909090876,6.326449494507198,6.272181818181818,1.8122626089817424,659.0,2019,12,347,4,0,0,3.8122626089817424,0,0
2019-12-14,11,0.023701161458281626,-2.891272727272735,6.357337525094646,6.333636363636364,1.0946050083783196,659.0,2019,12,348,5,0,0,3.09460500837832,0,0
2019-12-15,11,-0.0038854066444814384,12.966363636363637,6.249023684264609,6.252909090909091,-10.88291732662377,666.0,2019,12,349,6,0,1,-8.88291732662377,1,0
2019-12-16,11,-0.04252269321769176,8.57145454545453,6.252931852236853,6.295454545454546,-8.793657189536013,690.0,2019,12,350,0,0,1,-6.793657189536013,0,1
2019-12-17,11,0.09293921352613778,0.6000909090909193,6.350393758980683,6.257454545454545,-6.5877446620645825,714.0,2019,12,351,1,0,1,-4.5877446620645825,0,0
2019-12-18,11,0.09115153737496148,0.3576363636363815,6.307878810102235,6.216727272727272,-17.78071170504734,738.0,2019,12,352,2,0,1,-15.780711705047342,0,0
2019-12-19,11,0.10231732288590974,17.933909090909093,6.324590050158637,6.222272727272728,-17.96334067531758,762.0,2019,12,353,3,0,1,-15.963340675317578,0,0
2019-12-20,11,0.0016268916783108913,-3.715454545454556,6.260445073496493,6.2588181818181825,-14.99908868294163,786.0,2019,12,354,4,0,1,-12.99908868294163,0,0
2019-12-21,11,-0.03841280670216926,-4.512090909090923,6.197041738752376,6.235454545454545,-8.18833384129883,810.0,2019,12,355,5,1,1,-6.18833384129883,0,0
2019-12-22,11,0.009261702349848265,-0.07445454545456248,6.283079884168031,6.273818181818182,-1.0114822529260814,826.0,2019,12,356,6,1,0,0.9885177470739186,0,0
2019-12-23,11,0.056360249958210235,-13.024272727272722,6.381542068140029,6.325181818181818,-1.8477570666640795,826.0,2019,12,357,0,1,0,0.15224293333592054,0,0
2019-12-24,11,-0.07185399130907687,-6.815090909090899,6.38550964505456,6.457363636363637,-8.105381865364151,845.0,2019,12,358,1,1,1,-6.105381865364151,1,0
2019-12-25,11,-0.125374016085242,-12.424818181818193,6.234171438460212,6.359545454545454,-5.230693417942835,869.0,2019,12,359,2,1,1,-3.2306934179428346,0,1
2019-12-26,11,-0.10602230473027419,-5.818636363636343,6.240250422542453,6.346272727272727,-1.2238271971017178,893.0,2019,12,360,3,1,0,0.7761728028982822,0,0
2019-12-27,11,-0.048361959827836885,-3.6784545454545423,6.309728949263072,6.35809090909091,1.3995152930694525,896.0,2019,12,361,4,1,0,3.3995152930694523,0,0
2019-12-28,11,-0.08276007104533405,2.6504545454545325,6.254149019863757,6.336909090909091,-4.139078793577709,899.0,2019,12,362,5,1,1,-2.139078793577709,1,0
2019-12-29,11,-0.0809035795920697,-25.64745454545454,6.248278238589748,6.329181818181818,-3.536060771068502,923.0,2019,12,363,6,1,1,-1.536060771068502,0,1
2019-12-30,11,-0.056022972244094985,0.36136363636364877,6.219977027755905,6.276,-4.455701092048201,947.0,2019,12,364,0,1,1,-2.4557010920482014,0,0
2021-11-01,11,0.2799579512094501,29.927454545454555,6.531776133027631,6.251818181818181,0.7571999781248117,2.0,2021,11,305,0,0,0,2.7571999781248118,0,0
2021-11-02,11,0.33095694440023293,26.904272727272726,6.4690478534911415,6.138090909090909,-1.0257705139039672,2.0,2021,11,306,1,0,0,0.9742294860960328,0,0
2021-11-03,11,0.18163028408997048,22.5088181818182,6.40563028408997,6.224,-2.9703625641546236,2.0,2021,11,307,2,0,1,-0.9703625641546236,1,0
2021-11-04,11,0.16878668217037293,21.959727272727275,6.320423045806737,6.1516363636363645,-3.052384080146969,14.0,2021,11,308,3,0,1,-1.052384080146969,0,1
2021-11-05,11,0.17322700827076584,24.11709090909089,6.4045906446344025,6.231363636363636,-3.1983935962651127,26.0,2021,11,309,4,0,1,-1.1983935962651127,0,0
2021-11-06,12,0.0603294894161747,3.822166666666675,6.369579489416175,6.30925,-2.0813588956746587,39.0,2021,11,310,5,0,1,-0.0813588956746587,0,0
2021-11-07,11,0.09068612690031755,0.43536363636363523,6.344049763263954,6.253363636363637,0.3838606937443743,45.0,2021,11,311,6,0,0,2.3838606937443743,0,0
2021-11-08,11,0.14505570260026313,12.567636363636366,6.383510248054808,6.2384545454545455,4.149365309827869,45.0,2021,11,312,0,0,0,6.149365309827869,0,0
2021-11-09,11,0.18108834438514326,4.276181818181809,6.39136107165787,6.210272727272727,5.826185795996867,45.0,2021,11,313,1,0,0,7.826185795996867,0,0
2021-11-10,11,0.011645168132874336,5.91881818181819,6.184463349951057,6.172818181818181,-1.7087538270095004,45.0,2021,11,314,2,0,0,0.2912461729904996,0,0
2021-11-11,11,0.11913816896044613,11.200454545454539,6.303229078051356,6.1840909090909095,2.897109514793733,50.0,2021,11,315,3,0,0,4.897109514793733,0,0
2021-11-12,11,0.13537066308808357,21.25009090909092,6.398279753997174,6.2629090909090905,1.8057520221051924,50.0,2021,11,316,4,0,0,3.8057520221051924,0,0
2021-11-13,11,0.09736201379090982,10.537909090909094,6.364634741063637,6.267272727272727,-0.6931009048221318,50.0,2021,11,317,5,0,0,1.3068990951778683,0,0
2021-11-14,11,0.1375961233228771,7.5802727272727415,6.367959759686514,6.230363636363637,-0.18754491992378608,50.0,2021,11,318,6,0,0,1.812455080076214,0,0
2021-11-15,11,0.14746031250257083,14.0300909090909,6.346733039775298,6.199272727272728,-2.8487899186461445,50.0,2021,11,319,0,0,1,-0.8487899186461445,1,0
2021-11-16,11,0.00920562049074873,1.7987272727272883,6.259205620490749,6.25,-4.622475610821206,70.0,2021,11,320,1,0,1,-2.6224756108212057,0,1
2021-11-17,11,0.1421337583656344,15.046181818181832,6.3584973947292704,6.216363636363636,4.825925578933435,85.0,2021,11,321,2,0,0,6.825925578933435,0,0
2021-11-18,11,0.13181578740846325,-2.7331818181818233,6.398633969226645,6.266818181818182,0.4838783659796317,85.0,2021,11,322,3,0,0,2.4838783659796317,0,0
2021-11-19,11,0.05380103221376151,15.463999999999983,6.346891941304671,6.2930909090909095,-5.022785980383429,91.0,2021,11,323,4,0,1,-3.0227859803834294,1,0
2021-11-20,11,0.0887630367225818,6.419181818181807,6.400490309449854,6.311727272727273,-2.3227569801783563,112.0,2021,11,324,5,0,1,-0.3227569801783563,0,1
2021-11-21,11,0.06504980919122358,-3.4684545454545472,6.368777081918496,6.303727272727272,3.1417562224759483,121.0,2021,11,325,6,0,0,5.141756222475948,0,0
2021-11-22,11,0.022542326181585925,0.6803636363636294,6.267451417090677,6.244909090909091,-6.066387626087729,126.0,2021,11,326,0,0,1,-4.066387626087729,0,0
2021-11-23,11,0.1632672005811213,28.38018181818184,6.310176291490212,6.146909090909091,-8.98283924753869,150.0,2021,11,327,1,0,1,-6.98283924753869,0,0
2021-11-24,11,0.11680603028256241,17.27245454545454,6.378806030282562,6.2620000000000005,-4.324828861208156,174.0,2021,11,328,2,0,1,-2.3248288612081556,0,0
2021-11-25,11,0.07853409983462373,-24.81263636363636,6.4112613725618965,6.332727272727272,0.19758355732110033,186.0,2021,11,329,3,0,0,2.1975835573211002,0,0
2021-11-26,11,0.17126593559985182,7.886090909090905,6.463720481054398,6.292454545454546,-5.145491159566635,189.0,2021,11,330,4,0,1,-3.1454911595666353,0,0
2021-11-27,11,-0.016479991136723594,6.254090909090916,6.272429099772367,6.28890909090909,-10.571354958205111,213.0,2021,11,331,5,0,1,-8.571354958205111,0,0
2021-11-28,11,0.06023968383240274,7.003818181818175,6.352966956559675,6.292727272727273,-6.674240049967523,237.0,2021,11,332,6,0,1,-4.674240049967523,0,0
2021-11-29,11,0.009928914856972539,4.626090909090914,6.3300198239478815,6.320090909090909,-10.363091975554177,261.0,2021,11,333,0,0,1,-8.363091975554177,0,0
2021-11-30,10,0.03616569862472172,-1.6205000000000154,6.380965698624722,6.3448,-3.785004078887397,285.0,2021,11,334,1,0,1,-1.7850040788873969,0,0
2021-12-01,11,-0.002767526780106247,-7.836545454545455,6.300414291401712,6.303181818181818,-3.801256234032682,305.0,2021,12,335,2,0,1,-1.801256234032682,0,0
2021-12-02,11,0.131127728281538,9.145181818181817,6.325582273736083,6.194454545454545,-1.6499360866068393,314.0,2021,12,336,3,0,0,0.3500639133931607,0,0
2021-12-03,11,-0.017308676963615953,9.547909090909105,6.271236777581839,6.2885454545454555,-10.512399488151791,332.0,2021,12,337,4,0,1,-8.512399488151791,0,0
2021-12-04,11,0.015294638556597578,9.349000000000006,6.3171128203747795,6.301818181818181,-4.566190110027101,356.0,2021,12,338,5,0,1,-2.566190110027101,0,0
2021-12-05,11,0.10032629586824594,-0.565272727272734,6.331144477686427,6.230818181818182,-2.5959490249962722,380.0,2021,12,339,6,0,1,-0.5959490249962722,0,0
2021-12-06,11,0.09212592391527946,-1.8969090909091,6.327853196642551,6.2357272727272735,-2.9922172720046945,387.0,2021,12,340,0,0,1,-0.9922172720046945,0,0
2021-12-07,11,-0.0017365267905513223,0.4780000000000138,6.253990745936721,6.255727272727273,-8.88307743608374,408.0,2021,12,341,1,0,1,-6.88307743608374,0,0
2021-12-08,11,-0.040663797333386965,9.731090909090891,6.2456089299393405,6.286272727272728,-6.913964431144597,432.0,2021,12,342,2,0,1,-4.913964431144597,0,0
2021-12-09,11,-0.014926495730727412,0.8809999999999925,6.251709867905635,6.266636363636365,-9.370373440333312,456.0,2021,12,343,3,0,1,-7.370373440333312,0,0
2021-12-10,11,0.040836462220162566,11.672090909090901,6.271563734947435,6.230727272727273,-1.5995269174036202,480.0,2021,12,344,4,0,0,0.4004730825963798,0,0
2021-12-11,11,0.10917154853048526,7.632545454545442,6.333807912166848,6.224636363636364,1.01598353857989,484.0,2021,12,345,5,0,0,3.0159835385798903,0,0
2021-12-12,11,0.1483267476757317,25.64845454545455,6.354690384039367,6.206363636363636,-2.200966024588844,500.0,2021,12,346,6,0,1,-0.20096602458884405,1,0
2021-12-13,11,0.20424016963600658,23.089272727272725,6.410876533272371,6.206636363636363,-0.1592173178008969,509.0,2021,12,347,0,0,0,1.8407826821991031,0,1
2021-12-14,10,-0.03424195493027708,14.022900000000003,6.200958045069723,6.235200000000001,-6.383417592443384,518.0,2021,12,348,1,0,1,-4.383417592443384,0,0
2021-12-15,11,-0.01199352837533827,7.332999999999981,6.196915562533753,6.208909090909091,3.246972121852048,538.0,2021,12,349,2,0,0,5.246972121852048,0,0
2021-12-16,11,0.26586636235137073,25.10090909090907,6.4336845441695525,6.167818181818182,6.231136663662918,538.0,2021,12,350,3,0,0,8.231136663662918,0,0
2021-12-17,10,0.14650169064187368,9.477800000000002,6.384301690641873,6.2378,-4.006977079648825,539.0,2021,12,351,4,0,1,-2.0069770796488253,1,0
2021-12-18,11,-0.0130001148811709,6.637090909090923,6.240999885118828,6.254,-4.523298636800111,563.0,2021,12,352,5,0,1,-2.523298636800111,0,1
2021-12-19,9,0.01317085136404038,16.951444444444455,6.30717085136404,6.2940000000000005,-12.85945334588751,587.0,2021,12,353,6,0,1,-10.85945334588751,0,0
2021-12-20,11,0.11340522438893293,20.26181818181818,6.290223406207115,6.176818181818181,-5.841928297344026,611.0,2021,12,354,0,0,1,-3.841928297344026,0,0
2021-12-21,11,0.0919458054840449,-6.811363636363632,6.256673078211318,6.164727272727273,-3.8236862182541156,635.0,2021,12,355,1,1,1,-1.8236862182541156,0,0
2021-12-22,11,0.04782992584972816,-11.28345454545454,6.236011744031546,6.188181818181818,-10.131537282986091,650.0,2021,12,356,2,1,1,-8.131537282986091,0,0
2021-12-23,11,0.08067129065954261,17.450545454545434,6.300034927023179,6.219363636363636,-13.759417661869055,674.0,2021,12,357,3,1,1,-11.759417661869055,0,0
2021-12-24,11,0.03291727175704231,13.495727272727281,6.396826362666133,6.3639090909090905,-6.445115140745513,698.0,2021,12,358,4,1,1,-4.445115140745513,0,0
2021-12-25,11,0.16064340619925216,-9.119636363636367,6.448461588017434,6.2878181818181815,-3.71252472203593,721.0,2021,12,359,5,1,1,-1.7125247220359299,0,0
2021-12-26,11,0.12629370401912715,9.361181818181825,6.332839158564582,6.206545454545454,-6.41021500922096,742.0,2021,12,360,6,1,1,-4.41021500922096,0,0
2021-12-27,11,0.06466738901437856,-2.3064545454545335,6.261485570832561,6.196818181818182,-5.44940507384327,766.0,2021,12,361,0,1,1,-3.4494050738432698,0,0
2021-12-28,11,0.0596829531316388,-13.605818181818192,6.281410225858911,6.221727272727272,-3.3840281799580554,782.0,2021,12,362,1,1,1,-1.3840281799580554,0,0
2021-12-29,11,0.08359235357596617,-6.507454545454555,6.326046899030512,6.242454545454546,-0.7914124665666243,797.0,2021,12,363,2,1,0,1.2085875334333758,0,0
2021-12-30,11,0.14992550605169044,4.559636363636349,6.400016415142599,6.250090909090909,0.18281710811579285,797.0,2021,12,364,3,1,0,2.1828171081157928,0,0
2022-11-14,10,0.04753832302396832,7.324399999999992,6.307438323023968,6.2599,-7.2841943197786945,8.0,2022,11,318,0,0,1,-5.2841943197786945,0,0
2022-11-15,11,0.013837602233282858,-7.7810909090908975,6.306655784051464,6.292818181818182,-3.284167528701046,32.0,2022,11,319,1,0,1,-1.2841675287010461,0,0
2022-11-16,9,0.005089742119973373,-14.671222222222228,6.360423075453307,6.355333333333333,-1.7884311903354124,42.0,2022,11,320,2,0,0,0.21156880966458758,0,0
2022-11-17,9,-0.29681976916522973,-42.86677777777777,6.019402453056993,6.316222222222223,-6.69957528202311,61.0,2022,11,321,3,0,1,-4.69957528202311,0,0
2022-11-18,11,0.044963345000052855,-1.6404545454545418,6.341599708636417,6.296636363636364,-4.999730505777072,85.0,2022,11,322,4,0,1,-2.9997305057770722,0,0
2022-11-19,10,0.0830255043037524,3.036299999999983,6.369025504303752,6.286,-6.581087712084698,109.0,2022,11,323,5,0,1,-4.581087712084698,0,0
2022-11-20,11,0.07361415343566473,16.12409090909091,6.274705062526573,6.201090909090909,-12.41445260215306,131.0,2022,11,324,6,0,1,-10.41445260215306,0,0
2022-11-21,11,0.09269958630024734,6.003181818181805,6.341699586300248,6.2490000000000006,-3.452322937057801,155.0,2022,11,325,0,0,1,-1.4523229370578008,0,0
2022-11-22,10,0.034218500042528355,-6.947200000000009,6.314818500042529,6.2806,-2.652536753864772,179.0,2022,11,326,1,0,1,-0.652536753864772,0,0
2022-11-23,11,-0.019674692761957,2.8060909090909054,6.346143489056225,6.365818181818182,-4.307897521521709,188.0,2022,11,327,2,0,1,-2.307897521521709,0,0
2022-11-24,11,0.027606481453995278,1.5463636363636148,6.406242845090358,6.378636363636363,-0.17340766668736046,202.0,2022,11,328,3,0,0,1.8265923333126395,0,0
2022-11-25,11,0.16979827399315733,-0.7032727272727161,6.4879800921749755,6.318181818181818,-2.180732088575866,202.0,2022,11,329,4,0,1,-0.1807320885758661,0,0
2022-11-26,11,-0.005586667681826201,-3.049909090909089,6.376140605045447,6.3817272727272725,0.3405726788373747,212.0,2022,11,330,5,0,0,2.3405726788373746,0,0
2022-11-27,11,0.022616274416728966,-2.5695454545454637,6.387161728962184,6.364545454545455,6.021054278796073,212.0,2022,11,331,6,0,0,8.021054278796072,0,0
2022-11-28,9,0.027527996847605034,-4.200333333333333,6.3800835524031605,6.352555555555556,-4.0209796436467045,213.0,2022,11,332,0,0,1,-2.0209796436467045,1,0
2022-11-29,11,-0.0002249830353927865,-4.346636363636363,6.2809568351464256,6.281181818181818,-3.627684121109677,237.0,2022,11,333,1,0,1,-1.6276841211096769,0,1
2022-11-30,11,0.08891792230914973,-16.10827272727273,6.333372467763695,6.244454545454545,-3.3969162992301545,247.0,2022,11,334,2,0,1,-1.3969162992301545,0,0
2022-12-01,10,0.028587684157937776,-3.9471000000000003,6.332087684157938,6.3035,-5.2193510501136995,268.0,2022,12,335,3,0,1,-3.2193510501136995,0,0
2022-12-02,11,0.04274541992118779,-13.556363636363658,6.380472692648461,6.337727272727273,-1.4689010313781756,289.0,2022,12,336,4,0,0,0.5310989686218244,0,0
2022-12-03,11,0.07856982111337234,-14.909727272727268,6.414297093840645,6.335727272727272,-3.02632163308904,295.0,2022,12,337,5,0,1,-1.0263216330890401,0,0
2022-12-04,11,0.0102297947619595,3.7091818181818117,6.28713888567105,6.27690909090909,-6.121365343833594,316.0,2022,12,338,6,0,1,-4.121365343833594,0,0
2022-12-05,11,-0.02995665781201358,-10.171181818181832,6.271770614915258,6.301727272727273,-1.8271399814915086,336.0,2022,12,339,0,0,0,0.17286001850849142,0,0
2022-12-06,10,0.025324643582966554,-15.939100000000007,6.463624643582966,6.4383,6.463026733129726,342.0,2022,12,340,1,0,0,8.463026733129727,0,0
2022-12-07,11,0.10887322484896442,-10.260363636363628,6.466145952121692,6.357272727272728,5.429880923077826,342.0,2022,12,341,2,0,0,7.429880923077826,0,0
2022-12-08,11,0.05657658394715921,2.72600000000003,6.328758402128978,6.272181818181818,-5.012141353383767,345.0,2022,12,342,3,0,1,-3.0121413533837673,1,0
2022-12-09,11,0.014287897378795171,-1.9952727272727047,6.2861969882878865,6.271909090909091,-10.326801782634492,369.0,2022,12,343,4,0,1,-8.326801782634492,0,1
2022-12-10,11,0.07332353952250265,9.230363636363647,6.318868994067958,6.245545454545454,-7.515789030124222,393.0,2022,12,344,5,0,1,-5.515789030124222,0,0
2022-12-11,11,0.07699832352757573,29.72990909090909,6.33863468716394,6.261636363636364,-7.75230223121026,417.0,2022,12,345,6,0,1,-5.75230223121026,0,0
2022-12-12,9,0.020594963273970715,7.702222222222228,6.38548385216286,6.364888888888888,-12.95422403640811,441.0,2022,12,346,0,0,1,-10.95422403640811,0,0
2022-12-13,11,-0.004840732800437761,-12.098090909090926,6.34334108538138,6.348181818181818,-10.35568707221165,465.0,2022,12,347,1,0,1,-8.35568707221165,0,0
2022-12-14,11,0.04584664732596024,5.5529090909091,6.412573920053233,6.366727272727272,-4.846439043259857,489.0,2022,12,348,2,0,1,-2.846439043259857,0,0
2022-12-15,11,-0.007980664238238915,-10.032454545454533,6.381564790307215,6.389545454545455,-1.7858618619974826,503.0,2022,12,349,3,0,0,0.21413813800251735,0,0
2022-12-16,11,0.079283690508707,4.623272727272737,6.420374599599617,6.341090909090909,-1.6899553485192775,510.0,2022,12,350,4,0,0,0.31004465148072247,0,0
2022-12-17,11,0.19277872339024668,-0.07890909090908528,6.53650599611752,6.343727272727273,-4.13051702917879,521.0,2022,12,351,5,0,1,-2.1305170291787903,1,0
2022-12-18,11,0.13068104104609238,12.076999999999988,6.393317404682457,6.262636363636363,-5.7757625986845875,545.0,2022,12,352,6,0,1,-3.7757625986845875,0,1
2022-12-19,11,0.05891759968887103,13.121181818181837,6.3695539633252345,6.310636363636363,-6.2654327409372605,569.0,2022,12,353,0,0,1,-4.2654327409372605,0,0
2022-12-20,11,0.04365163838157466,6.312909090909091,6.337378911108848,6.293727272727272,-10.293587473756672,593.0,2022,12,354,1,0,1,-8.293587473756672,0,0
2022-12-21,11,0.1859663209787583,28.458272727272742,6.444420866433304,6.258454545454546,-8.022611336826518,617.0,2022,12,355,2,1,1,-6.022611336826518,0,0
2022-12-22,11,0.05180306778341379,-2.19281818181819,6.384893976874323,6.3330909090909095,-0.5440590070010516,641.0,2022,12,356,3,1,0,1.4559409929989484,0,0
2022-12-23,11,0.45456656715187266,19.721454545454538,6.808657476242782,6.354090909090909,-16.267586354628914,646.0,2022,12,357,4,1,1,-14.267586354628914,0,0
2022-12-24,11,0.17119312162815872,47.55172727272727,6.61410221253725,6.442909090909091,-15.8636714444225,670.0,2022,12,358,5,1,1,-13.8636714444225,0,0
2022-12-25,11,0.2823311446416646,30.435818181818192,6.526694781005301,6.244363636363636,-11.335186322912492,694.0,2022,12,359,6,1,1,-9.335186322912492,0,0
2022-12-26,11,0.19476284970451713,-7.442909090909087,6.487035576977245,6.292272727272728,-9.864183785143085,718.0,2022,12,360,0,1,1,-7.864183785143085,0,0
2022-12-27,11,0.10607503905840122,3.960181818181819,6.441711402694765,6.335636363636365,-8.764289427539724,742.0,2022,12,361,1,1,1,-6.764289427539724,0,0
2022-12-28,11,0.18830390883978768,-2.8959090909090928,6.40012209065797,6.211818181818182,-3.331279603750319,766.0,2022,12,362,2,1,1,-1.331279603750319,0,0
2022-12-29,10,0.1491014137956272,-7.085799999999983,6.411701413795628,6.2626,3.598514151556126,779.0,2022,12,363,3,1,0,5.598514151556126,0,0
2022-12-30,11,0.1365657943128452,-6.302818181818204,6.5519294306764815,6.415363636363637,5.499574762441532,779.0,2022,12,364,4,1,0,7.499574762441532,0,0
2023-11-01,11,-0.1076638251406738,-13.381181818181817,6.329245265768417,6.436909090909091,-5.108342071603222,32.0,2023,11,305,2,0,1,-3.1083420716032224,0,0
2023-11-02,11,-0.002358667049076663,4.384818181818187,6.4060049693145595,6.408363636363637,-1.8618236402487973,50.0,2023,11,306,3,0,0,0.13817635975120268,0,0
2023-11-03,11,-0.03799350315982371,-3.634545454545456,6.450006496840175,6.4879999999999995,2.0774709912542657,54.0,2023,11,307,4,0,0,4.077470991254266,0,0
2023-11-04,12,-0.2410388417273933,-29.077916666666663,6.268711158272606,6.50975,3.439379494699264,54.0,2023,11,308,5,0,0,5.4393794946992635,0,0
2023-11-05,11,-0.10418882200976293,-18.540545454545466,6.259356632535691,6.363545454545454,-2.5805427798239147,54.0,2023,11,309,6,0,1,-0.5805427798239147,1,0
2023-11-06,11,0.04963496787333164,1.2686363636363571,6.374180422418786,6.324545454545454,4.421223475794117,64.0,2023,11,310,0,0,0,6.421223475794117,0,1
2023-11-07,11,-0.015880019241364576,-10.346545454545446,6.326210889849545,6.34209090909091,-3.4759042862161866,64.0,2023,11,311,1,0,1,-1.4759042862161866,0,0
2023-11-08,9,-0.048049219068585676,-9.773222222222216,6.33850633648697,6.386555555555556,-4.596857727290573,85.0,2023,11,312,2,0,1,-2.5968577272905726,0,0
2023-11-09,11,0.1099989596174149,22.503545454545453,6.412271686890142,6.302272727272728,1.2434140865767043,100.0,2023,11,313,3,0,0,3.2434140865767045,0,0
2023-11-10,11,-0.045880840189046375,-7.623999999999993,6.3515737052654995,6.397454545454545,-1.4904318677008186,100.0,2023,11,314,4,0,0,0.5095681322991814,0,0
2023-11-11,11,-0.19528907989216326,-23.612090909090913,6.195892738289655,6.391181818181818,-5.258164812302137,117.0,2023,11,315,5,0,1,-3.2581648123021374,1,0
2023-11-12,11,-0.18541192057551995,-8.677454545454545,6.161224443060845,6.346636363636364,-7.797994001342787,141.0,2023,11,316,6,0,1,-5.797994001342787,0,1
2023-11-13,11,-0.12510030848216216,-17.306181818181802,6.252172418790565,6.377272727272728,-1.7880174318745716,165.0,2023,11,317,0,0,0,0.21198256812542837,0,0
2023-11-14,11,-0.055940498679190445,-5.3309090909091,6.295241319502628,6.351181818181818,-1.8220223968719333,168.0,2023,11,318,1,0,0,0.17797760312806665,0,0
2023-11-15,11,0.08343958400720836,2.4190909090909,6.294621402189026,6.211181818181819,0.24243365536896358,173.0,2023,11,319,2,0,0,2.2424336553689637,0,0
2023-11-16,11,0.05031034621118533,1.1685454545454583,6.251310346211185,6.201,2.195117771751511,173.0,2023,11,320,3,0,0,4.1951177717515105,0,0
2023-11-17,11,-0.009921634040744077,-9.208090909090886,6.410623820504711,6.420545454545455,6.00181740171779,173.0,2023,11,321,4,0,0,8.00181740171779,0,0
2023-11-18,11,-0.11150103517429923,-15.098090909090915,6.250226237552973,6.361727272727273,-3.4076248353104974,178.0,2023,11,322,5,0,1,-1.4076248353104974,1,0
2023-11-19,11,-0.07638195633171256,-29.47990909090907,6.190436225486469,6.266818181818182,-5.682006069351809,190.0,2023,11,323,6,0,1,-3.682006069351809,0,1
2023-11-20,11,-0.05177607635990646,-8.909272727272734,6.238223923640093,6.29,-9.866731009155707,214.0,2023,11,324,0,0,1,-7.866731009155707,0,0
2023-11-21,11,-0.05505771834650972,-16.049363636363637,6.266669554380763,6.321727272727273,-2.139424522870781,238.0,2023,11,325,1,0,1,-0.1394245228707809,0,0
2023-11-22,9,-0.045712691714490106,-22.97533333333335,6.386842863841065,6.432555555555556,1.1296090582357479,244.0,2023,11,326,2,0,0,3.129609058235748,0,0
2023-11-23,11,-0.036962537544694675,-25.657090909090904,6.416855644273488,6.453818181818182,-0.2747148990255297,244.0,2023,11,327,3,0,0,1.7252851009744703,0,0
2023-11-24,11,0.04972587566563598,1.2673636363636391,6.339362239302,6.289636363636364,-10.784846834660895,258.0,2023,11,328,4,0,1,-8.784846834660895,1,0
2023-11-25,11,0.03304545766527258,14.864000000000003,6.378500003119817,6.345454545454545,-5.364711784933172,282.0,2023,11,329,5,0,1,-3.3647117849331716,0,1
2023-11-26,11,0.03287624439964079,-15.861818181818183,6.331421698945095,6.298545454545454,-0.3906227877367096,299.0,2023,11,330,6,0,0,1.6093772122632903,0,0
2023-11-27,11,-0.05364847601655159,-24.868272727272732,6.223896978528902,6.2775454545454545,-4.752057342577055,302.0,2023,11,331,0,0,1,-2.7520573425770554,0,0
2023-11-28,11,0.0703294106297278,11.961999999999989,6.314693046993364,6.244363636363636,-9.565843917339466,326.0,2023,11,332,1,0,1,-7.565843917339466,0,0
2023-11-29,11,0.028892394616681874,10.754818181818171,6.276710576434865,6.2478181818181815,-6.991491892085676,350.0,2023,11,333,2,0,1,-4.991491892085676,0,0
2023-11-30,11,0.05037390556747858,-5.82118181818183,6.367101178294751,6.316727272727272,0.09306134790462638,365.0,2023,11,334,3,0,0,2.0930613479046265,0,0
2023-12-01,11,0.02781782030085932,-14.30227272727272,6.512999638482677,6.485181818181818,1.6815626835166044,365.0,2023,12,335,4,0,0,3.6815626835166047,0,0
2023-12-02,11,-0.026959170920998865,-12.04590909090908,6.516859010897182,6.543818181818182,1.681546155083757,365.0,2023,12,336,5,0,0,3.681546155083757,0,0
2023-12-03,11,-0.04848255877987045,-2.0832727272727323,6.399699259401948,6.448181818181817,0.28009833552140717,365.0,2023,12,337,6,0,0,2.2800983355214073,0,0
2023-12-04,11,0.0013569631148039431,-9.901999999999992,6.401266054023895,6.399909090909091,-3.9380196581018327,365.0,2023,12,338,0,0,1,-1.9380196581018327,1,0
2023-12-05,11,-0.01679364926451641,-3.149000000000011,6.379206350735483,6.396,-5.891931101174638,388.0,2023,12,339,1,0,1,-3.891931101174638,0,1
2023-12-06,11,-0.03978162071802949,-11.93245454545454,6.315854742918334,6.355636363636364,-10.872059686475,412.0,2023,12,340,2,0,1,-8.872059686475,0,0
2023-12-07,11,-0.04038494950629066,0.2079090909090734,6.324887777766436,6.365272727272727,-6.282302717710085,436.0,2023,12,341,3,0,1,-4.282302717710085,0,0
2023-12-08,11,-0.015636738625741664,-16.970727272727274,6.43909053410153,6.454727272727272,-1.4162229739949395,459.0,2023,12,342,4,0,0,0.5837770260050605,0,0
2023-12-09,11,-0.09799420361678218,-32.31681818181819,6.39473306911049,6.492727272727273,3.5811248394466846,462.0,2023,12,343,5,0,0,5.581124839446685,0,0
2023-12-10,11,-0.11825944793601922,-14.518181818181802,6.343831461154889,6.462090909090909,1.1776726991249917,462.0,2023,12,344,6,0,0,3.177672699124992,0,0
2023-12-11,11,-0.016824072886264026,3.5374545454545383,6.431721381659191,6.448545454545454,-5.463946045906838,463.0,2023,12,345,0,0,1,-3.4639460459068383,1,0
2023-12-12,11,0.0005952542192274893,0.6320000000000205,6.4379588905828635,6.437363636363637,-2.8933292435049007,487.0,2023,12,346,1,0,1,-0.8933292435049007,0,1
2023-12-13,11,-0.037867324245817506,-6.038818181818215,6.332859948481455,6.370727272727273,-9.407665637288344,511.0,2023,12,347,2,0,1,-7.4076656372883445,0,0
2023-12-14,11,0.001898652924830864,-1.1840909090908966,6.382898652924831,6.381,-3.4362870833607504,535.0,2023,12,348,3,0,1,-1.4362870833607504,0,0
2023-12-15,11,-0.09137163855945053,-23.684181818181813,6.447355634167821,6.5387272727272725,1.0339102515678709,544.0,2023,12,349,4,0,0,3.033910251567871,0,0
2023-12-16,11,-0.11856149283365988,-20.680818181818154,6.421893052620885,6.540454545454546,-0.9767957651191982,544.0,2023,12,350,5,0,0,1.0232042348808017,0,0
2023-12-17,11,-0.14153435306524934,-22.663272727272723,6.414192919662023,6.555727272727273,6.684806565880354,544.0,2023,12,351,6,0,0,8.684806565880354,0,0
2023-12-18,11,0.23147803674967796,-19.522090909090892,6.772205309476951,6.540727272727273,1.0682253786953746,544.0,2023,12,352,0,0,0,3.0682253786953746,0,0
2023-12-19,11,0.06297040431784996,-2.728636363636362,6.485697677045123,6.422727272727273,-7.144822830791133,552.0,2023,12,353,1,0,1,-5.144822830791133,1,0
2023-12-20,11,0.005873237284637996,-7.137727272727272,6.438509600921001,6.432636363636363,-6.422639288792974,576.0,2023,12,354,2,0,1,-4.422639288792974,0,1
2023-12-21,11,-0.05060325079280896,-2.695090909090905,6.297760385570828,6.3483636363636355,-12.971713773963607,600.0,2023,12,355,3,1,1,-10.971713773963607,0,0
2023-12-22,11,-0.02979170226397233,6.559454545454556,6.375935570463301,6.4057272727272725,-9.285086152593871,624.0,2023,12,356,4,1,1,-7.2850861525938715,0,0
2023-12-23,11,-0.06647820345038967,-13.147000000000007,6.425612705640519,6.4920909090909085,-1.6753658789861026,648.0,2023,12,357,5,1,0,0.32463412101389744,0,0
2023-12-24,11,-0.03361685620272293,-30.40727272727272,6.53801950743364,6.5716363636363635,0.23572283142739214,652.0,2023,12,358,6,1,0,2.2357228314273923,0,0
2023-12-25,11,0.08094507594199586,-10.238090909090921,6.618763257760178,6.5378181818181815,1.3299589789924766,652.0,2023,12,359,0,1,0,3.329958978992477,0,0
2023-12-26,11,0.07727890026390494,-5.658090909090912,6.565551627536633,6.488272727272727,4.473770920688347,652.0,2023,12,360,1,1,0,6.473770920688347,0,0
2023-12-27,11,-0.024972543126079137,-20.20536363636364,6.464663820510284,6.489636363636364,4.500268362134751,652.0,2023,12,361,2,1,0,6.500268362134751,0,0
2023-12-28,11,0.016214980657150446,-8.896545454545452,6.516851344293514,6.500636363636364,3.7069752256040815,652.0,2023,12,362,3,1,0,5.706975225604081,0,0
2023-12-29,11,-0.05740884701844076,-21.31354545454544,6.493227516617922,6.550636363636364,1.4867662990760235,652.0,2023,12,363,4,1,0,3.4867662990760238,0,0
2023-12-30,11,-0.1134419059473697,-15.652818181818185,6.380194457688995,6.493636363636364,-5.212198124183332,657.0,2023,12,364,5,1,1,-3.212198124183332,1,0
2024-11-01,11,-0.0848196962801823,-28.440454545454557,6.418725758265273,6.5035454545454545,3.3982866909580562,27.0,2024,11,306,4,0,0,5.398286690958056,0,0
2024-11-02,12,-0.04403542811246316,-14.742083333333332,6.222881238554204,6.266916666666667,-2.8398852980228946,27.0,2024,11,307,5,0,1,-0.8398852980228946,0,0
2024-11-03,11,-0.07355476892610549,-15.1930909090909,6.284627049255713,6.358181818181818,-3.740858388439544,40.0,2024,11,308,6,0,1,-1.7408583884395439,0,0
2024-11-04,11,0.012049732991584395,-6.553999999999994,6.401140642082495,6.38909090909091,5.05393598638743,51.0,2024,11,309,0,0,0,7.05393598638743,0,0
2024-11-05,11,-0.043191492959169124,-20.275727272727273,6.4783539615862855,6.521545454545454,12.989499235025391,51.0,2024,11,310,1,0,0,14.989499235025391,0,0
2024-11-06,11,-0.020657245573349216,-22.270181818181825,6.502433663517559,6.52309090909091,9.70553513359517,51.0,2024,11,311,2,0,0,11.70553513359517,0,0
2024-11-07,11,-0.019958290623193067,-22.07663636363636,6.388587163922262,6.408545454545455,2.222747684116745,51.0,2024,11,312,3,0,0,4.2227476841167455,0,0
2024-11-08,11,-0.19506204703721994,-43.6589090909091,6.190028862053689,6.385090909090909,-1.5873855330641484,51.0,2024,11,313,4,0,0,0.4126144669358516,0,0
2024-11-09,11,-0.07403250227957328,-17.217090909090892,6.2943311340840635,6.368363636363637,-3.839741707118495,62.0,2024,11,314,5,0,1,-1.839741707118495,1,0
2024-11-10,9,-0.0326430181199791,-19.099444444444444,6.352912537435576,6.385555555555555,4.622242181011412,74.0,2024,11,315,6,0,0,6.622242181011412,0,1
2024-11-11,11,-0.1217426354387841,-30.652454545454546,6.2884391827430335,6.410181818181818,4.141815149067984,74.0,2024,11,316,0,0,0,6.141815149067984,0,0
2024-11-12,11,-0.09516959942300889,-20.655363636363642,6.259830400576991,6.355,-5.5340988035358984,79.0,2024,11,317,1,0,1,-3.5340988035358984,1,0
2024-11-13,11,-0.04315418814296565,-14.943818181818198,6.3046639936752165,6.347818181818183,-6.114232294673697,103.0,2024,11,318,2,0,1,-4.114232294673697,0,1
2024-11-14,11,-0.025716230293641118,-14.998818181818168,6.34419286061545,6.369909090909091,-5.009372025387304,124.0,2024,11,319,3,0,1,-3.0093720253873038,0,0
2024-11-15,11,0.0936680155520902,-23.241909090909086,6.387849833733909,6.294181818181818,-2.481292029991025,139.0,2024,11,320,4,0,1,-0.48129202999102505,0,0
2024-11-16,11,0.03783823670790271,-18.346909090909094,6.309565509435175,6.271727272727273,-1.7084707478361965,149.0,2024,11,321,5,0,0,0.29152925216380354,0,0
2024-11-17,11,0.010290221355266593,-16.11436363636362,6.296017494082539,6.285727272727272,0.9275399937899688,155.0,2024,11,322,6,0,0,2.927539993789969,0,0
2024-11-18,10,0.05787534557523779,-13.004499999999997,6.376975345575238,6.319100000000001,2.044229948777945,155.0,2024,11,323,0,0,0,4.044229948777945,0,0
2024-11-19,11,-0.03631253506328951,-20.506909090909083,6.294869283118529,6.331181818181818,-0.11090288694580645,155.0,2024,11,324,1,0,0,1.8890971130541936,0,0
2024-11-20,11,0.0546070558639651,-10.922909090909105,6.427607055863965,6.372999999999999,2.9848463562648813,155.0,2024,11,325,2,0,0,4.984846356264882,0,0
2024-11-21,11,0.13028608394004254,6.535090909090896,6.436922447576406,6.306636363636364,2.093968433003019,155.0,2024,11,326,3,0,0,4.093968433003019,0,0
2024-11-22,11,-0.046070340842598784,-21.192181818181822,6.401566022793765,6.447636363636364,1.140435863370613,155.0,2024,11,327,4,0,0,3.1404358633706133,0,0
2024-11-23,11,0.02041201712981304,-2.914818181818191,6.393230198947995,6.3728181818181815,0.2687175861917636,155.0,2024,11,328,5,0,0,2.2687175861917637,0,0
2024-11-24,11,-0.012247421743863366,-8.003454545454536,6.224570760074318,6.236818181818182,-4.250781969331005,157.0,2024,11,329,6,0,1,-2.2507819693310047,1,0
2024-11-25,11,-0.009082647475451854,-4.509181818181829,6.324462807070003,6.333545454545455,-2.8601451409311625,174.0,2024,11,330,0,0,1,-0.8601451409311625,0,1
2024-11-26,11,0.04813803803548001,4.78345454545455,6.317865310762753,6.269727272727272,0.011107389840646359,184.0,2024,11,331,1,0,0,2.0111073898406464,0,0
2024-11-27,11,-0.022277904827373553,-10.919818181818187,6.424449367899899,6.446727272727273,-2.1753474156380355,188.0,2024,11,332,2,0,1,-0.17534741563803546,0,0
2024-11-28,11,-0.045376833359384576,-15.256818181818176,6.4086231666406155,6.454,-2.304687439695954,194.0,2024,11,333,3,0,1,-0.3046874396959538,0,0
2024-11-29,11,-0.0031480608487245735,-10.49454545454546,6.3067610300603665,6.30990909090909,-5.264592551566001,215.0,2024,11,334,4,0,1,-3.2645925515660013,0,0
2024-11-30,11,-0.0028775254713657716,0.8721818181818125,6.301304292710452,6.304181818181818,-6.534702193377643,239.0,2024,11,335,5,0,1,-4.534702193377643,0,0
2024-12-01,11,0.011750651230716613,-5.756909090909082,6.335205196685262,6.3234545454545446,-7.150449655996341,263.0,2024,12,336,6,0,1,-5.150449655996341,0,0
2024-12-02,11,-0.07198340575722671,-20.344818181818184,6.29438023060641,6.366363636363636,-6.903883906703386,287.0,2024,12,337,0,0,1,-4.903883906703386,0,0
2024-12-03,11,0.04919219369355098,-11.215818181818205,6.38028310278446,6.331090909090909,-8.460305092213629,311.0,2024,12,338,1,0,1,-6.460305092213629,0,0
2024-12-04,11,-0.08768571705735803,-23.292181818181835,6.275405192033551,6.363090909090909,-3.8115751578997745,335.0,2024,12,339,2,0,1,-1.8115751578997745,0,0
2024-12-05,10,-0.06309643349937977,-25.173800000000007,6.3730035665006195,6.436100000000001,-6.900691068193879,359.0,2024,12,340,3,0,1,-4.900691068193879,0,0
2024-12-06,11,-0.17227642153187908,-27.581181818181843,6.2599053966499385,6.432181818181818,-9.132869150520941,382.0,2024,12,341,4,0,1,-7.132869150520941,0,0
2024-12-09,11,-0.2524601674908718,-41.14827272727273,6.08344892341822,6.33590909090909,-2.029769298841788,419.0,2024,12,344,0,0,1,-0.02976929884178814,0,0
2024-12-10,11,-0.13616842021196554,1.9527272727272744,6.285558852515307,6.4217272727272725,0.6652844779043425,424.0,2024,12,345,1,0,0,2.6652844779043425,0,0
2024-12-11,11,-0.17250119242104464,-31.023909090909093,6.295498807578955,6.468,-0.7822793742042145,424.0,2024,12,346,2,0,0,1.2177206257957855,0,0
2024-12-12,11,-0.20487681392019533,-25.76245454545455,6.15057773153435,6.3554545454545455,-10.199617862066187,441.0,2024,12,347,3,0,1,-8.199617862066187,1,0
2024-12-13,11,-0.213643550623989,-16.16972727272727,6.242992813012375,6.456636363636363,-11.579241403996598,465.0,2024,12,348,4,0,1,-9.579241403996598,0,1
2024-12-14,11,-0.24839105585617574,-25.663999999999998,6.175154398689279,6.423545454545454,-14.07490391177405,489.0,2024,12,349,5,0,1,-12.07490391177405,0,0
2024-12-15,11,-0.2206256697403812,-45.52963636363638,6.171101602986892,6.391727272727272,-5.282937716607367,513.0,2024,12,350,6,0,1,-3.2829377166073668,0,0
2024-12-16,11,-0.23916515886086548,-50.33827272727273,6.191107568411862,6.430272727272728,3.052926739246973,527.0,2024,12,351,0,0,0,5.052926739246973,0,0
2024-12-17,11,-0.13669127135062767,-24.01727272727271,6.282854183194828,6.419545454545454,0.024869743885532557,527.0,2024,12,352,1,0,0,2.0248697438855325,0,0
2024-12-18,11,-0.08876618030154945,-23.486545454545443,6.291052001516633,6.379818181818181,-0.8386727608620025,527.0,2024,12,353,2,0,0,1.1613272391379974,0,0
2024-12-19,11,-0.20673959689432067,-27.03863636363635,6.198896766742044,6.405636363636364,-8.44811744359632,541.0,2024,12,354,3,0,1,-6.44811744359632,1,0
2024-12-20,11,-0.16928159182755242,1.2752727272727291,6.328718408172448,6.497999999999999,-8.940191374040937,565.0,2024,12,355,4,0,1,-6.940191374040937,0,1
2024-12-21,11,-0.3173792831628494,-36.43809090909092,6.208257080473515,6.525636363636363,-18.51185290448457,589.0,2024,12,356,5,1,1,-16.51185290448457,0,0
2024-12-22,11,-0.34244687445399064,-40.15690909090907,6.140825852818736,6.483272727272728,-21.743649565681395,613.0,2024,12,357,6,1,1,-19.743649565681395,0,0
2024-12-23,11,-0.14926086664943589,-22.06545454545458,6.341466406077837,6.4907272727272725,-9.880602878962021,637.0,2024,12,358,0,1,1,-7.880602878962021,0,0
2024-12-24,11,-0.2137655417404278,-46.85109090909089,6.426507185532299,6.640272727272728,-9.37418477576601,661.0,2024,12,359,1,1,1,-7.374184775766009,0,0
2024-12-25,11,-0.23446445072289376,-44.08236363636363,6.236081003822561,6.470545454545455,-14.704143717130306,685.0,2024,12,360,2,1,1,-12.704143717130306,0,0
2024-12-26,11,-0.2018644355165816,-15.988363636363632,6.172771928119783,6.374636363636363,-12.601228993918097,709.0,2024,12,361,3,1,1,-10.601228993918097,0,0
2024-12-27,11,-0.2141587350794426,-33.20272727272727,6.2112049012841934,6.425363636363636,-3.7873348255960364,733.0,2024,12,362,4,1,1,-1.7873348255960364,0,0
2024-12-28,11,-0.1529336193629631,-30.110454545454537,6.231975471546128,6.38490909090909,2.7755631393916675,742.0,2024,12,363,5,1,0,4.775563139391668,0,0
2024-12-29,11,-0.24778869015320762,-24.365181818181814,6.197393128028611,6.445181818181819,7.777816235389079,742.0,2024,12,364,6,1,0,9.777816235389079,0,0
2024-12-30,11,-0.0731675037728602,5.549818181818202,6.386287041681686,6.459454545454546,0.7447474445225712,742.0,2024,12,365,0,1,0,2.744747444522571,0,0
2025-11-01,12,-0.11980351838356618,-14.411916666666665,6.398863148283101,6.518666666666667,-1.2619165848588498,6.0,2025,11,305,5,0,0,0.7380834151411502,0,0
2025-11-02,11,-0.10832725514511811,-13.354727272727276,6.285127290309427,6.393454545454546,-0.6156214002482471,7.0,2025,11,306,6,0,0,1.384378599751753,0,0
2025-11-03,11,-0.031870660684442775,-7.4448181818181745,6.414492975679194,6.446363636363636,2.4097949004119346,7.0,2025,11,307,0,0,0,4.409794900411935,0,0
2025-11-04,11,0.04056512779070614,-0.6950909090909053,6.380565127790706,6.34,0.1576021995148889,7.0,2025,11,308,1,0,0,2.157602199514889,0,0
2025-11-05,11,0.07293366749212847,-6.459454545454533,6.370206394764856,6.297272727272727,1.0293687377746013,7.0,2025,11,309,2,0,0,3.0293687377746013,0,0
2025-11-06,11,0.019998602408764346,-3.0368181818181896,6.31945314786331,6.299454545454545,-3.8892184951500046,9.0,2025,11,310,3,0,1,-1.8892184951500046,1,0
2025-11-07,11,0.05122647558567348,-4.461363636363651,6.3944082937674915,6.343181818181819,5.626702135754042,22.0,2025,11,311,4,0,0,7.626702135754042,0,1
2025-11-08,11,0.038665262837141175,-15.543727272727283,6.365574353746232,6.3269090909090915,-1.622223655387508,22.0,2025,11,312,5,0,0,0.377776344612492,0,0
2025-11-09,11,-0.08318461016567498,-19.63054545454547,6.225451753470688,6.308636363636364,4.471433211442778,25.0,2025,11,313,6,0,0,6.471433211442778,0,0
2025-11-10,11,-0.048848671595129615,-16.988909090909086,6.105242237495779,6.154090909090908,-4.7480287869825695,27.0,2025,11,314,0,0,1,-2.7480287869825695,1,0
2025-11-11,11,-0.040834394759768244,-10.531545454545464,6.153165605240232,6.194,-4.339388838886095,51.0,2025,11,315,1,0,1,-2.3393888388860953,0,1
2025-11-12,11,-0.0011684019502892116,-19.45372727272727,6.291377052595165,6.292545454545455,-0.5550299596672135,69.0,2025,11,316,2,0,0,1.4449700403327865,0,0
2025-11-13,11,-0.023211939309148312,-15.897545454545458,6.249515333418125,6.2727272727272725,-2.0510450317679325,69.0,2025,11,317,3,0,1,-0.051045031767932514,0,0
2025-11-14,11,0.08712614834643938,-16.84918181818182,6.354398875619167,6.267272727272727,-3.0580326834279408,80.0,2025,11,318,4,0,1,-1.0580326834279408,0,0
2025-11-15,11,-0.004035900822945541,-15.073090909090896,6.17332773554069,6.177363636363636,0.34387702992509844,102.0,2025,11,319,5,0,0,2.3438770299250984,0,0
2025-11-16,11,-0.09819837963359762,-17.615454545454543,6.093437984002765,6.191636363636364,-5.3632859972206415,106.0,2025,11,320,6,0,1,-3.3632859972206415,0,0
2025-11-17,11,-0.11470153454360058,-29.42336363636363,6.1552984654564,6.27,-4.233337250291641,130.0,2025,11,321,0,0,1,-2.2333372502916413,0,0
2025-11-18,11,0.15521319445082374,13.99936363636362,6.358304103541733,6.203090909090909,-5.882863159992672,154.0,2025,11,322,1,0,1,-3.882863159992672,0,0
2025-11-19,11,0.009530930775269363,3.8883636363636302,6.219440021684361,6.209909090909091,-6.900770459751238,178.0,2025,11,323,2,0,1,-4.900770459751238,0,0
2025-11-20,11,0.06451751881245592,9.145636363636372,6.318972064267001,6.254454545454546,-4.26585211185997,197.0,2025,11,324,3,0,1,-2.26585211185997,0,0
2025-11-21,11,0.1764346327965984,5.574090909090904,6.386434632796599,6.21,0.9197969858472882,209.0,2025,11,325,4,0,0,2.919796985847288,0,0
2025-11-22,11,0.107698402028862,12.737999999999994,6.2906984020288625,6.183000000000001,-5.230623456390091,213.0,2025,11,326,5,0,1,-3.2306234563900906,0,0
2025-11-23,11,0.11050014982244848,6.076181818181815,6.297500149822448,6.187,-1.302993178078667,234.0,2025,11,327,6,0,0,0.697006821921333,0,0
2025-11-24,11,0.10554383883541311,3.5645454545454474,6.327725657017231,6.222181818181818,-1.998537118367693,235.0,2025,11,328,0,0,0,0.0014628816323070115,0,0
2025-11-25,11,0.1425433242487042,-3.7945454545454553,6.346270596975978,6.2037272727272725,3.423497735808378,240.0,2025,11,329,1,0,0,5.423497735808378,0,0
2025-11-26,11,0.19013460408897034,-6.367818181818176,6.436134604088971,6.246,1.0460486610741264,240.0,2025,11,330,2,0,0,3.0460486610741264,0,0
2025-11-27,11,0.07290299303186751,-12.208999999999987,6.3638120839409575,6.290909090909091,-3.718955286263035,255.0,2025,11,331,3,0,1,-1.7189552862630348,1,0
2025-11-28,11,0.0987122685228928,-0.5920909090909018,6.335530450341074,6.236818181818182,-6.655590289024935,279.0,2025,11,332,4,0,1,-4.655590289024935,0,1
2025-11-29,11,0.0652867645182818,3.786909090909086,6.279195855427372,6.21390909090909,-7.673193037856721,303.0,2025,11,333,5,0,1,-5.673193037856721,0,0
2025-11-30,11,0.12119912470436893,-12.281000000000011,6.271471851977096,6.150272727272727,-2.107664803318983,323.0,2025,11,334,6,0,1,-0.1076648033189831,0,0
2025-12-01,11,0.005176005196077618,-19.671090909090903,6.226812368832441,6.221636363636364,-10.338208873737921,342.0,2025,12,335,0,0,1,-8.338208873737921,0,0
2025-12-02,11,0.18318999176986664,2.5072727272727207,6.337735446315321,6.154545454545455,-7.946864712353119,366.0,2025,12,336,1,0,1,-5.946864712353119,0,0
2025-12-03,11,0.09849326833813908,-4.789909090909077,6.266220541065412,6.167727272727273,-5.380942025838466,390.0,2025,12,337,2,0,1,-3.3809420258384657,0,0
2025-12-04,11,-0.004254098691665608,-18.16118181818181,6.177564083126516,6.181818181818182,-19.828981908493365,414.0,2025,12,338,3,0,1,-17.828981908493365,0,0
2025-12-05,11,0.06952327731911327,-20.410818181818193,6.187977822773658,6.118454545454545,-9.596243063720927,438.0,2025,12,339,4,0,1,-7.596243063720927,0,0
2025-12-06,11,0.13944680151344843,6.927090909090907,6.258355892422539,6.118909090909091,-5.691809940870928,462.0,2025,12,340,5,0,1,-3.691809940870928,0,0
2025-12-07,11,-0.00838935832215195,-26.803727272727283,6.130792459859666,6.139181818181819,-11.005884545916274,486.0,2025,12,341,6,0,1,-9.005884545916274,0,0
2025-12-08,11,-0.028721738992055667,-1.215272727272732,6.170278261007945,6.199000000000001,-19.26945129178615,510.0,2025,12,342,0,0,1,-17.26945129178615,0,0
2025-12-09,11,0.1037211820342902,-3.930454545454557,6.218812091125199,6.11509090909091,-8.49227363176823,534.0,2025,12,343,1,0,1,-6.49227363176823,0,0
2025-12-10,11,0.12255082475356295,-15.217272727272736,6.242369006571744,6.119818181818181,-3.1403693084305284,558.0,2025,12,344,2,0,1,-1.1403693084305284,0,0
2025-12-11,11,0.007382879996419511,0.3246363636363557,6.2702010618146025,6.262818181818182,-13.371737545904502,577.0,2025,12,345,3,0,1,-11.371737545904502,0,0
2025-12-12,11,0.010880785584550684,-10.992000000000003,6.259426240130005,6.248545454545454,-8.208429172592187,601.0,2025,12,346,4,0,1,-6.2084291725921865,0,0
2025-12-13,11,0.05998127169232748,-6.74545454545455,6.255344908055964,6.195363636363637,-6.817674334009509,625.0,2025,12,347,5,0,1,-4.817674334009509,0,0
2025-12-14,11,-0.10053996891646816,-20.316181818181835,6.181823667447168,6.282363636363636,-16.660877387898065,649.0,2025,12,348,6,0,1,-14.660877387898065,0,0
2025-12-15,11,0.10542311862943916,2.8121818181818465,6.341150391356712,6.2357272727272735,-10.01964624903611,673.0,2025,12,349,0,0,1,-8.01964624903611,0,0
2025-12-16,11,0.25302086019850045,12.376636363636356,6.405020860198501,6.152,-7.5697560961203045,697.0,2025,12,350,1,0,1,-5.5697560961203045,0,0
2025-12-17,11,0.025627843624628967,-8.719454545454523,6.3173551163519015,6.291727272727273,-3.1865225863938558,711.0,2025,12,351,2,0,1,-1.1865225863938558,0,0
2025-12-18,11,0.17373328127384877,8.163454545454556,6.39055146309203,6.216818181818183,4.100914166086962,721.0,2025,12,352,3,0,0,6.100914166086962,0,0
2025-12-19,11,0.10387902433046005,-7.057181818181831,6.3845153879668235,6.280636363636364,-7.565284404968551,722.0,2025,12,353,4,0,1,-5.565284404968551,0,0
2025-12-20,11,0.09068226497836708,-3.063454545454533,6.256954992251095,6.166272727272727,-3.252867404344903,746.0,2025,12,354,5,0,1,-1.252867404344903,0,0
2025-12-21,11,0.043023779654366816,1.8923636363636083,6.263023779654366,6.22,-11.702793187097178,770.0,2025,12,355,6,1,1,-9.702793187097178,0,0
2025-12-22,11,0.018154725133091597,5.770909090909092,6.2871547251330915,6.269,-6.109512200515539,794.0,2025,12,356,0,1,1,-4.109512200515539,0,0
2025-12-23,11,0.01298400741929912,-7.244181818181801,6.326256734692026,6.313272727272727,-3.1223809781997334,818.0,2025,12,357,1,1,1,-1.1223809781997334,0,0
2025-12-24,11,0.005514540992687131,-15.641363636363621,6.447332722810869,6.441818181818181,-7.74099291923533,842.0,2025,12,358,2,1,1,-5.74099291923533,0,0
2025-12-25,11,-0.08125724372255866,-6.159000000000012,6.26892457445926,6.350181818181818,-17.511081125591193,866.0,2025,12,359,3,1,1,-15.511081125591193,0,0
2025-12-26,11,-0.033937328769890064,-8.495272727272726,6.263608125775565,6.297545454545454,-14.14202312084174,890.0,2025,12,360,4,1,1,-12.14202312084174,0,0
2025-12-27,11,0.11117795009438963,-4.119909090909087,6.3241779500943895,6.213,-13.754489494442804,914.0,2025,12,361,5,1,1,-11.754489494442804,0,0
2025-12-28,11,0.07440867043326958,-18.726454545454555,6.307499579524179,6.233090909090908,-2.504836319531802,938.0,2025,12,362,6,1,1,-0.504836319531802,0,0
2025-12-29,11,-0.06823386846151665,-36.422000000000004,6.272038858811211,6.340272727272727,-10.286515211014539,948.0,2025,12,363,0,1,1,-8.286515211014539,0,0
2025-12-30,11,-0.05952920932662018,-33.242909090909116,6.2784707906733805,6.338,-14.11199659616521,972.0,2025,12,364,1,1,1,-12.11199659616521,0,0
