night_date,n_hours,err,wb,cum_cold_h,season,month,doy,dow,holiday,below,dist,campaign_start,campaign_night2
2019-11-01,11,-304.8881818181812,-0.29428904104258086,29.0,2019,11,305,4,0,0,1.705710958957419,0,0
2019-11-02,11,-581.6719318181814,1.7652637616022402,29.0,2019,11,306,5,0,0,3.76526376160224,0,0
2019-11-03,11,-483.47504545454564,-0.871636887665939,29.0,2019,11,307,6,0,0,1.128363112334061,0,0
2019-11-04,11,-367.3509999999996,-0.08170341698443068,33.0,2019,11,308,0,0,0,1.9182965830155694,0,0
2019-11-05,11,-194.98509090909084,-3.9306659107723685,33.0,2019,11,309,1,0,1,-1.9306659107723685,1,0
2019-11-06,11,-285.51381818181886,-5.244091438434574,57.0,2019,11,310,2,0,1,-3.244091438434574,0,1
2019-11-07,11,-188.8964545454548,-2.985608544878308,81.0,2019,11,311,3,0,1,-0.9856085448783078,0,0
2019-11-08,11,-186.6734999999998,-4.002152136153175,102.0,2019,11,312,4,0,1,-2.0021521361531747,0,0
2019-11-09,11,4.62497727272735,-8.238870938236007,126.0,2019,11,313,5,0,1,-6.238870938236007,0,0
2019-11-10,11,-246.72765909090924,-7.72361549275416,150.0,2019,11,314,6,0,1,-5.72361549275416,0,0
2019-11-11,11,-893.3245,-2.5843730567184653,174.0,2019,11,315,0,0,1,-0.5843730567184653,0,0
2019-11-12,11,116.4211363636365,-6.028003996012246,198.0,2019,11,316,1,0,1,-4.028003996012246,0,0
2019-11-13,11,77.90299999999992,-10.247833701523781,222.0,2019,11,317,2,0,1,-8.247833701523781,0,0
2019-11-14,11,-165.40752272727298,-4.145198979640777,246.0,2019,11,318,3,0,1,-2.145198979640777,0,0
2019-11-15,11,91.22113636363594,-2.9092914418424183,261.0,2019,11,319,4,0,1,-0.9092914418424183,0,0
2019-11-16,11,-70.41256818181847,-3.991923568750398,285.0,2019,11,320,5,0,1,-1.9919235687503982,0,0
2019-11-17,11,-197.70540909090926,-4.166571684104491,296.0,2019,11,321,6,0,1,-2.1665716841044906,0,0
2019-11-18,11,-29.841545454545585,-4.6478341499945035,319.0,2019,11,322,0,0,1,-2.6478341499945035,0,0
2019-11-19,11,-317.8661590909092,-1.709475698777445,333.0,2019,11,323,1,0,0,0.2905243012225549,0,0
2019-11-20,11,-218.74531818181887,-3.051955384380099,337.0,2019,11,324,2,0,1,-1.0519553843800988,0,0
2019-11-21,11,-215.30184090909114,-3.9813625341162227,357.0,2019,11,325,3,0,1,-1.9813625341162227,0,0
2019-11-22,11,-526.6448863636368,-2.867542062075304,381.0,2019,11,326,4,0,1,-0.8675420620753038,0,0
2019-11-23,11,10.897090909090945,-0.6851837720763373,394.0,2019,11,327,5,0,0,1.3148162279236626,0,0
2019-11-24,11,-481.9428863636367,0.1661366378986268,394.0,2019,11,328,6,0,0,2.1661366378986266,0,0
2019-11-25,11,-535.5379772727272,-0.9460486702559462,394.0,2019,11,329,0,0,0,1.053951329744054,0,0
2019-11-26,11,-297.43497727272637,-1.7668451101093203,394.0,2019,11,330,1,0,0,0.23315488989067967,0,0
2019-11-27,11,-97.40763636363673,-2.7305723445969736,394.0,2019,11,331,2,0,1,-0.7305723445969736,1,0
2019-11-28,11,-169.16775000000004,-4.4892491226359645,412.0,2019,11,332,3,0,1,-2.4892491226359645,0,1
2019-11-29,11,-428.64413636363645,-5.308047865813657,436.0,2019,11,333,4,0,1,-3.3080478658136574,0,0
2019-11-30,11,-557.3995681818178,-8.323812686578002,460.0,2019,11,334,5,0,1,-6.323812686578002,0,0
2019-12-01,11,-221.9797045454543,-3.4898548570046684,484.0,2019,12,335,6,0,1,-1.4898548570046684,0,0
2019-12-02,11,104.3278181818175,-9.864201040087927,508.0,2019,12,336,0,0,1,-7.864201040087927,0,0
2019-12-03,11,314.4515909090906,-6.528131724579651,532.0,2019,12,337,1,0,1,-4.528131724579651,0,0
2019-12-04,11,244.13040909091004,-4.976648782808598,556.0,2019,12,338,2,0,1,-2.9766487828085983,0,0
2019-12-05,11,140.6911136363633,-5.404088978509415,580.0,2019,12,339,3,0,1,-3.4040889785094146,0,0
2019-12-06,11,-141.99245454545434,-6.0992393082416365,604.0,2019,12,340,4,0,1,-4.0992393082416365,0,0
2019-12-07,11,-299.54320454545433,-5.717321438767573,628.0,2019,12,341,5,0,1,-3.7173214387675726,0,0
2019-12-08,11,-54.52134090909104,-5.705801317611073,652.0,2019,12,342,6,0,1,-3.7058013176110727,0,0
2019-12-09,11,364.2086363636372,-6.615623176992665,676.0,2019,12,343,0,0,1,-4.615623176992665,0,0
2019-12-10,11,162.14120454545463,-9.165723353608865,700.0,2019,12,344,1,0,1,-7.165723353608865,0,0
2019-12-11,11,-203.73577272727198,-7.903330140829843,724.0,2019,12,345,2,0,1,-5.903330140829843,0,0
2019-12-12,11,30.132386363636794,-10.922861940452838,748.0,2019,12,346,3,0,1,-8.922861940452838,0,0
2019-12-13,11,-403.8756136363632,-8.372875042699858,772.0,2019,12,347,4,0,1,-6.372875042699858,0,0
2019-12-14,11,32.15797727272696,-5.115028438580273,796.0,2019,12,348,5,0,1,-3.115028438580273,0,0
2019-12-15,11,-321.5999090909091,-2.815067457591735,820.0,2019,12,349,6,0,1,-0.8150674575917352,0,0
2019-12-16,11,-456.88406818181744,-1.045389436933046,833.0,2019,12,350,0,0,0,0.9546105630669539,0,0
2019-12-17,11,-269.44015909090905,0.43364218071182453,833.0,2019,12,351,1,0,0,2.4336421807118245,0,0
2019-12-18,11,-459.1535909090913,-0.7471865510743118,833.0,2019,12,352,2,0,0,1.2528134489256884,0,0
2019-12-19,11,-490.7256136363634,-0.9091445706046177,833.0,2019,12,353,3,0,0,1.0908554293953823,0,0
2019-12-20,11,-212.95561363636327,-1.684574613938019,833.0,2019,12,354,4,0,0,0.3154253860619809,0,0
2019-12-21,11,-104.95527272727254,-5.543247538724224,839.0,2019,12,355,5,1,1,-3.5432475387242244,1,0
2019-12-22,11,-183.58318181818223,-6.030931717476523,863.0,2019,12,356,6,1,1,-4.030931717476523,0,1
2019-12-23,11,10.98088636363586,-6.668468315983066,887.0,2019,12,357,0,1,1,-4.668468315983066,0,0
2019-12-24,11,144.47111363636412,-5.301177979338599,911.0,2019,12,358,1,1,1,-3.3011779793385987,0,0
2019-12-25,11,126.9915681818182,-8.12726463108112,935.0,2019,12,359,2,1,1,-6.12726463108112,0,0
2019-12-26,11,95.57293181818204,-6.29248294774101,959.0,2019,12,360,3,1,1,-4.29248294774101,0,0
2019-12-27,11,-356.11934090909114,-7.019703251150958,983.0,2019,12,361,4,1,1,-5.019703251150958,0,0
2019-12-28,11,-331.5255000000001,-9.548311855443371,1007.0,2019,12,362,5,1,1,-7.548311855443371,0,0
2019-12-29,11,-213.19897727272738,-5.1345629733588956,1031.0,2019,12,363,6,1,1,-3.1345629733588956,0,0
2019-12-30,11,-283.14525000000026,-4.124501790274656,1055.0,2019,12,364,0,1,1,-2.124501790274656,0,0
2020-11-01,11,-74.90195454545474,3.9948822001286417,213.0,2020,11,306,6,0,0,5.994882200128641,0,0
2020-11-02,11,64.03540909090935,5.070634353876004,213.0,2020,11,307,0,0,0,7.070634353876004,0,0
2020-11-03,11,59.128954545454526,3.8790322803698443,213.0,2020,11,308,1,0,0,5.879032280369844,0,0
2020-11-04,11,-464.3747045454542,1.7173771864152307,213.0,2020,11,309,2,0,0,3.7173771864152307,0,0
2020-11-05,11,-299.8451818181817,0.6646235871075322,213.0,2020,11,310,3,0,0,2.664623587107532,0,0
2020-11-06,11,381.6122500000005,-0.6063780560671123,213.0,2020,11,311,4,0,0,1.3936219439328879,0,0
2020-11-07,11,77.3708181818175,-0.9688169226815199,213.0,2020,11,312,5,0,0,1.03118307731848,0,0
2020-11-08,11,190.15197727272724,-1.1114919373141932,213.0,2020,11,313,6,0,0,0.8885080626858068,0,0
2020-11-09,11,-88.12218181818257,-0.8081295812209709,213.0,2020,11,314,0,0,0,1.191870418779029,0,0
2020-11-10,11,173.52027272727238,-1.311837203130332,213.0,2020,11,315,1,0,0,0.688162796869668,0,0
2020-11-11,11,-94.14522727272725,-1.5422802936437543,213.0,2020,11,316,2,0,0,0.4577197063562457,0,0
2020-11-12,11,36.051272727272256,-3.037641840929741,220.0,2020,11,317,3,0,1,-1.0376418409297412,1,0
2020-11-13,11,-527.1386590909092,-2.256786563866155,237.0,2020,11,318,4,0,1,-0.25678656386615506,0,1
2020-11-14,11,-51.29293181818205,-2.1958801878799843,248.0,2020,11,319,5,0,1,-0.1958801878799843,0,0
2020-11-15,11,-276.2738181818179,-1.8613606352732395,260.0,2020,11,320,6,0,0,0.13863936472676053,0,0
2020-11-16,11,-92.31154545454493,-4.423457577556324,269.0,2020,11,321,0,0,1,-2.4234575775563236,0,0
2020-11-17,11,-196.76165909090875,0.03693152751636186,284.0,2020,11,322,1,0,0,2.0369315275163618,0,0
2020-11-18,11,-74.33545454545377,0.08912926968542743,284.0,2020,11,323,2,0,0,2.0891292696854276,0,0
2020-11-19,11,-303.6159090909087,-4.7776938389345425,284.0,2020,11,324,3,0,1,-2.7776938389345425,1,0
2020-11-20,11,-142.84715909090846,-10.454391479335895,307.0,2020,11,325,4,0,1,-8.454391479335895,0,1
2020-11-21,11,-107.29179545454562,-5.36926795196894,331.0,2020,11,326,5,0,1,-3.36926795196894,0,0
2020-11-22,11,-62.29147727272704,-1.5517127173748235,343.0,2020,11,327,6,0,0,0.4482872826251765,0,0
2020-11-23,11,-224.3799772727282,-3.726903594331054,346.0,2020,11,328,0,0,1,-1.7269035943310538,0,0
2020-11-24,11,-131.08927272727206,-4.156225418075722,368.0,2020,11,329,1,0,1,-2.1562254180757217,0,0
2020-11-25,11,-118.69956818181741,-3.7425741092403997,388.0,2020,11,330,2,0,1,-1.7425741092403997,0,0
2020-11-26,11,130.01343181818183,-4.378516997849115,408.0,2020,11,331,3,0,1,-2.3785169978491147,0,0
2020-11-27,11,-12.593159090909301,-4.805063999891544,432.0,2020,11,332,4,0,1,-2.8050639998915443,0,0
2020-11-28,11,-213.42563636363627,-4.76157793012155,455.0,2020,11,333,5,0,1,-2.7615779301215504,0,0
2020-11-29,11,78.81456818181852,-6.846495314167626,479.0,2020,11,334,6,0,1,-4.846495314167626,0,0
2020-11-30,11,-215.6342954545451,-7.744190149841725,503.0,2020,11,335,0,0,1,-5.744190149841725,0,0
2020-12-01,11,-385.48513636363583,-8.613813777549753,527.0,2020,12,336,1,0,1,-6.613813777549753,0,0
2020-12-02,11,-379.3117500000001,-6.9201711324078445,551.0,2020,12,337,2,0,1,-4.9201711324078445,0,0
2020-12-03,11,-650.9299318181819,-7.647161947242274,575.0,2020,12,338,3,0,1,-5.647161947242274,0,0
2020-12-04,11,-788.9624545454546,-3.9012324498629667,599.0,2020,12,339,4,0,1,-1.9012324498629667,0,0
2020-12-05,11,-643.8687500000003,-1.6806781276854088,618.0,2020,12,340,5,0,0,0.3193218723145912,0,0
2020-12-06,11,-451.65956818181786,-4.54075989115321,622.0,2020,12,341,6,0,1,-2.5407598911532103,0,0
2020-12-07,11,189.49209090909062,-8.23690921780373,646.0,2020,12,342,0,0,1,-6.2369092178037295,0,0
2020-12-08,11,314.0963863636364,-5.202554406607134,670.0,2020,12,343,1,0,1,-3.202554406607134,0,0
2020-12-09,11,586.141522727272,-7.0252671130441,694.0,2020,12,344,2,0,1,-5.0252671130441,0,0
2020-12-10,11,-172.5874772727273,-9.657790767119916,718.0,2020,12,345,3,0,1,-7.657790767119916,0,0
2020-12-11,11,-129.25240909090874,-9.002911505827893,742.0,2020,12,346,4,0,1,-7.002911505827893,0,0
2020-12-12,11,-355.1513863636362,-5.510703862291627,766.0,2020,12,347,5,0,1,-3.510703862291627,0,0
2020-12-13,11,-210.9897272727275,-7.092024849369816,790.0,2020,12,348,6,0,1,-5.092024849369816,0,0
2020-12-14,11,-174.6525454545458,-2.0775974481194535,814.0,2020,12,349,0,0,1,-0.07759744811945346,0,0
2020-12-15,11,-340.0869772727277,-1.4588424126187982,820.0,2020,12,350,1,0,0,0.5411575873812018,0,0
2020-12-16,11,96.36618181818152,-4.667950147776363,828.0,2020,12,351,2,0,1,-2.667950147776363,0,0
2020-12-17,11,-196.08218181818202,-4.251709750373302,852.0,2020,12,352,3,0,1,-2.251709750373302,0,0
2020-12-18,11,-130.91749999999973,-5.234563766033438,876.0,2020,12,353,4,0,1,-3.234563766033438,0,0
2020-12-19,11,-50.472795454545455,-4.849386799628556,900.0,2020,12,354,5,0,1,-2.8493867996285562,0,0
2020-12-20,11,-33.56297727272745,-2.915709350548757,924.0,2020,12,355,6,0,1,-0.9157093505487568,0,0
2020-12-21,11,534.2400000000001,-1.7946325196321828,948.0,2020,12,356,0,1,0,0.20536748036781716,0,0
2020-12-22,11,-587.1408181818181,-0.22870229092064528,954.0,2020,12,357,1,1,0,1.7712977090793547,0,0
2020-12-23,11,-857.1867272727271,-2.159529293319396,954.0,2020,12,358,2,1,1,-0.15952929331939592,1,0
2020-12-24,11,-51.4294090909086,-5.226429900240036,966.0,2020,12,359,3,1,1,-3.226429900240036,0,1
2020-12-25,11,148.6983863636362,-10.969599186082638,990.0,2020,12,360,4,1,1,-8.969599186082638,0,0
2020-12-26,11,-263.6851590909089,-12.494087471320547,1014.0,2020,12,361,5,1,1,-10.494087471320547,0,0
2020-12-27,11,-2.5411590909092907,-11.505290810712559,1038.0,2020,12,362,6,1,1,-9.505290810712559,0,0
2020-12-28,11,-99.91163636363639,-9.555361132564746,1062.0,2020,12,363,0,1,1,-7.555361132564746,0,0
2020-12-29,11,-235.97809090909058,-8.447816502678899,1086.0,2020,12,364,1,1,1,-6.447816502678899,0,0
2020-12-30,11,-378.2215454545458,-11.257728448414623,1110.0,2020,12,365,2,1,1,-9.257728448414623,0,0
2021-11-01,11,-220.36863636363688,-2.501553934468,204.0,2021,11,305,0,0,1,-0.5015539344679998,1,0
2021-11-02,11,10.944886363636794,-2.9759301499423816,222.0,2021,11,306,1,0,1,-0.9759301499423816,0,1
2021-11-03,11,-169.80865909091006,-1.7450959395574954,235.0,2021,11,307,2,0,0,0.2549040604425046,0,0
2021-11-04,11,267.87081818181764,-7.315690392350337,251.0,2021,11,308,3,0,1,-5.315690392350337,0,0
2021-11-05,11,-174.84372727272702,-8.47817326938917,275.0,2021,11,309,4,0,1,-6.4781732693891705,0,0
2021-11-06,11,-213.21154545454556,-5.069314766409244,299.0,2021,11,310,5,0,1,-3.069314766409244,0,0
2021-11-07,11,-2.384750000000581,-2.669615343640237,317.0,2021,11,311,6,0,1,-0.669615343640237,0,0
2021-11-08,11,-340.6615000000005,-6.086694532458486,341.0,2021,11,312,0,0,1,-4.086694532458486,0,0
2021-11-09,11,87.87106818181861,-0.18179748480901783,358.0,2021,11,313,1,0,0,1.8182025151909822,0,0
2021-11-10,11,-230.33122727272746,1.978659399574305,358.0,2021,11,314,2,0,0,3.9786593995743047,0,0
2021-11-11,11,-209.7073409090909,1.9261612433626338,358.0,2021,11,315,3,0,0,3.9261612433626336,0,0
2021-11-12,11,-315.2405227272724,0.26741728550643623,358.0,2021,11,316,4,0,0,2.2674172855064363,0,0
2021-11-13,11,-140.59149999999946,-0.7103204030613889,358.0,2021,11,317,5,0,0,1.289679596938611,0,0
2021-11-14,11,-200.71454545454583,-1.0796906175893015,358.0,2021,11,318,6,0,0,0.9203093824106985,0,0
2021-11-15,11,-208.13711363636338,-0.8030204315832794,358.0,2021,11,319,0,0,0,1.1969795684167206,0,0
2021-11-16,11,-229.3075909090904,1.074842438166705,358.0,2021,11,320,1,0,0,3.074842438166705,0,0
2021-11-17,11,-271.61615909090955,-0.3904223345583917,358.0,2021,11,321,2,0,0,1.6095776654416083,0,0
2021-11-18,11,-299.7630909090906,-3.039377043370092,364.0,2021,11,322,3,0,1,-1.039377043370092,1,0
2021-11-19,11,-362.23524999999955,-0.6336959781111167,374.0,2021,11,323,4,0,0,1.3663040218888833,0,1
2021-11-20,11,-148.97590909090897,-1.7751702288086764,374.0,2021,11,324,5,0,0,0.22482977119132364,0,0
2021-11-21,11,-116.15879545454531,-2.5258624878624527,382.0,2021,11,325,6,0,1,-0.5258624878624527,1,0
2021-11-22,11,-458.5317272727281,-3.918740094490374,401.0,2021,11,326,0,0,1,-1.9187400944903739,0,1
2021-11-23,11,260.773681818182,-6.7314636008517565,425.0,2021,11,327,1,0,1,-4.7314636008517565,0,0
2021-11-24,11,-101.50849999999991,-5.793197665072021,449.0,2021,11,328,2,0,1,-3.7931976650720207,0,0
2021-11-25,11,-67.54065909090886,-2.6053660301243875,473.0,2021,11,329,3,0,1,-0.6053660301243875,0,0
2021-11-26,11,164.04393181818241,-4.819071412288528,497.0,2021,11,330,4,0,1,-2.819071412288528,0,0
2021-11-27,11,38.78506818181847,-6.917694175031024,521.0,2021,11,331,5,0,1,-4.917694175031024,0,0
2021-11-28,11,429.43884090909074,-11.46218839427826,545.0,2021,11,332,6,0,1,-9.46218839427826,0,0
2021-11-29,11,362.36538636363645,-12.777189165482362,569.0,2021,11,333,0,0,1,-10.777189165482362,0,0
2021-11-30,11,-694.9554545454547,-2.9634740542473894,593.0,2021,11,334,1,0,1,-0.9634740542473894,0,0
2021-12-01,11,-370.2683863636359,-5.476239434493584,617.0,2021,12,335,2,0,1,-3.476239434493584,0,0
2021-12-02,11,-583.153545454546,-10.194776753562799,641.0,2021,12,336,3,0,1,-8.194776753562799,0,0
2021-12-03,11,-447.35834090909105,-11.406945085071158,665.0,2021,12,337,4,0,1,-9.406945085071158,0,0
2021-12-04,11,-619.7269545454542,-6.6285659378810005,689.0,2021,12,338,5,0,1,-4.6285659378810005,0,0
2021-12-05,11,-188.54963636363638,-11.465610274796427,713.0,2021,12,339,6,0,1,-9.465610274796427,0,0
2021-12-06,11,-280.6081363636374,-12.25935513722871,737.0,2021,12,340,0,0,1,-10.25935513722871,0,0
2021-12-07,11,-242.9799772727279,-11.533683982087366,761.0,2021,12,341,1,0,1,-9.533683982087366,0,0
2021-12-08,11,155.87381818181794,-7.477292105458719,785.0,2021,12,342,2,0,1,-5.477292105458719,0,0
2021-12-09,11,-646.0660681818189,-12.325706734625676,809.0,2021,12,343,3,0,1,-10.325706734625676,0,0
2021-12-10,11,-413.32443181818184,-9.615020857487591,833.0,2021,12,344,4,0,1,-7.6150208574875915,0,0
2021-12-11,11,-57.5424545454541,-10.559559713583555,857.0,2021,12,345,5,0,1,-8.559559713583555,0,0
2021-12-12,11,-342.0067727272728,-1.109053637554285,881.0,2021,12,346,6,0,0,0.890946362445715,0,0
2021-12-13,11,-315.14261363636285,-3.231606529747697,885.0,2021,12,347,0,0,1,-1.231606529747697,0,0
2021-12-14,11,-43.42502272727275,-2.5707611976292357,909.0,2021,12,348,1,0,1,-0.5707611976292357,0,0
2021-12-15,11,-547.7226590909096,-1.1093974086660732,929.0,2021,12,349,2,0,0,0.8906025913339268,0,0
2021-12-16,11,-865.6192272727279,-3.1531221637509264,936.0,2021,12,350,3,0,1,-1.1531221637509264,0,0
2021-12-17,11,451.098136363636,-4.927265648236851,960.0,2021,12,351,4,0,1,-2.927265648236851,0,0
2021-12-18,11,428.6999999999994,-3.1175635747660055,984.0,2021,12,352,5,0,1,-1.1175635747660055,0,0
2021-12-19,11,53.043045454544796,-4.954449808484868,1008.0,2021,12,353,6,0,1,-2.954449808484868,0,0
2021-12-20,11,-20.188840909090437,-9.528329473118147,1032.0,2021,12,354,0,0,1,-7.528329473118147,0,0
2021-12-21,11,-581.3564545454544,-9.501704884740162,1056.0,2021,12,355,1,1,1,-7.501704884740162,0,0
2021-12-22,11,114.45531818181884,-9.152405727620303,1080.0,2021,12,356,2,1,1,-7.1524057276203035,0,0
2021-12-23,11,-495.11909090909154,-4.340130278167148,1104.0,2021,12,357,3,1,1,-2.3401302781671482,0,0
2021-12-24,11,-622.6774318181816,-4.320063521133488,1128.0,2021,12,358,4,1,1,-2.3200635211334877,0,0
2021-12-25,11,-21.21325000000053,-4.235317301983725,1152.0,2021,12,359,5,1,1,-2.2353173019837254,0,0
2021-12-26,11,-244.60704545454627,-5.098878388050979,1176.0,2021,12,360,6,1,1,-3.098878388050979,0,0
2021-12-27,11,-379.4794999999991,-4.996907503244614,1200.0,2021,12,361,0,1,1,-2.996907503244614,0,0
2021-12-28,11,-259.5292272727276,-3.7311732788244227,1224.0,2021,12,362,1,1,1,-1.7311732788244227,0,0
2021-12-29,11,-228.04522727272706,0.3553029139615344,1248.0,2021,12,363,2,1,0,2.3553029139615345,0,0
2021-12-30,11,-361.31393181818135,0.07355817581043021,1248.0,2021,12,364,3,1,0,2.07355817581043,0,0
2022-11-01,11,-162.53818181818198,1.9008700875259577,0.0,2022,11,305,1,0,0,3.9008700875259574,0,0
2022-11-02,11,-205.61686363636346,2.3067599216731187,0.0,2022,11,306,2,0,0,4.306759921673119,0,0
2022-11-03,11,233.69238636363596,0.894983306000319,0.0,2022,11,307,3,0,0,2.894983306000319,0,0
2022-11-04,11,-439.3516363636367,-4.870406558677318,11.0,2022,11,308,4,0,1,-2.8704065586773178,1,0
2022-11-05,11,-126.1347272727276,-5.2124839505084415,35.0,2022,11,309,5,0,1,-3.2124839505084415,0,1
2022-11-06,11,-268.8838409090906,-1.9148727914298136,59.0,2022,11,310,6,0,0,0.08512720857018641,0,0
2022-11-07,11,-178.79620454545395,-2.429258593277427,63.0,2022,11,311,0,0,1,-0.4292585932774271,0,0
2022-11-08,11,144.25827272727292,-1.5278874364403385,74.0,2022,11,312,1,0,0,0.47211256355966147,0,0
2022-11-09,11,-197.36236363636436,1.7177849803967986,74.0,2022,11,313,2,0,0,3.7177849803967984,0,0
2022-11-10,11,-380.59170454545415,-1.1807801335925652,74.0,2022,11,314,3,0,0,0.8192198664074348,0,0
2022-11-11,11,-704.9690681818178,0.29362407709482896,74.0,2022,11,315,4,0,0,2.293624077094829,0,0
2022-11-12,11,-324.3310454545454,-0.48509722428914065,74.0,2022,11,316,5,0,0,1.5149027757108593,0,0
2022-11-13,11,-139.77186363636346,-1.6164455995548783,74.0,2022,11,317,6,0,0,0.3835544004451217,0,0
2022-11-14,11,-624.2001818181819,-3.19387324309251,79.0,2022,11,318,0,0,1,-1.19387324309251,1,0
2022-11-15,11,-210.2423181818176,-0.5277842472400058,93.0,2022,11,319,1,0,0,1.4722157527599942,0,1
2022-11-16,11,-200.18395454545498,-2.7057037497704672,93.0,2022,11,320,2,0,1,-0.7057037497704672,0,0
2022-11-17,11,-488.42163636363625,-1.290812311343685,106.0,2022,11,321,3,0,0,0.7091876886563151,0,0
2022-11-18,11,-165.48443181818172,-5.730354806518901,119.0,2022,11,322,4,0,1,-3.7303548065189007,0,0
2022-11-19,11,-123.11788636363616,-6.508275371358284,143.0,2022,11,323,5,0,1,-4.508275371358284,0,0
2022-11-20,11,-159.37397727272716,-7.0839352540792255,167.0,2022,11,324,6,0,1,-5.0839352540792255,0,0
2022-11-21,11,-229.74354545454514,-5.253467938907072,191.0,2022,11,325,0,0,1,-3.2534679389070718,0,0
2022-11-22,11,-435.0419772727268,-6.623662328198739,215.0,2022,11,326,1,0,1,-4.623662328198739,0,0
2022-11-23,11,-377.46047727272776,-5.264199941678111,239.0,2022,11,327,2,0,1,-3.264199941678111,0,0
2022-11-24,11,-582.2163181818186,-6.757689237938271,263.0,2022,11,328,3,0,1,-4.757689237938271,0,0
2022-11-25,11,-304.2358181818186,-5.069471399559477,287.0,2022,11,329,4,0,1,-3.069471399559477,0,0
2022-11-26,11,93.66368181818176,-8.338673490185625,311.0,2022,11,330,5,0,1,-6.338673490185625,0,0
2022-11-27,11,-224.79522727272706,-6.681234727728517,335.0,2022,11,331,6,0,1,-4.681234727728517,0,0
2022-11-28,11,-388.47354545454584,-4.0673342465669515,359.0,2022,11,332,0,0,1,-2.0673342465669515,0,0
2022-11-29,11,220.3615227272727,-5.738894956652661,383.0,2022,11,333,1,0,1,-3.7388949566526613,0,0
2022-11-30,11,-212.00152272727294,-5.824438566179543,407.0,2022,11,334,2,0,1,-3.824438566179543,0,0
2022-12-01,11,-102.99865909090873,-4.270323922612441,431.0,2022,12,335,3,0,1,-2.270323922612441,0,0
2022-12-02,11,-201.43161363636383,-6.306628169386435,455.0,2022,12,336,4,0,1,-4.306628169386435,0,0
2022-12-03,11,-193.57947727272733,-2.186524963821496,479.0,2022,12,337,5,0,1,-0.18652496382149586,0,0
2022-12-04,11,-64.29022727272704,-2.9605545372622943,492.0,2022,12,338,6,0,1,-0.9605545372622943,0,0
2022-12-05,11,-208.56843181818147,-8.248335325074294,516.0,2022,12,339,0,0,1,-6.248335325074294,0,0
2022-12-06,11,103.22845454545413,-6.679490981499725,540.0,2022,12,340,1,0,1,-4.679490981499725,0,0
2022-12-07,11,-113.88454545454525,-9.373482161616925,564.0,2022,12,341,2,0,1,-7.373482161616925,0,0
2022-12-08,11,-331.6280909090909,-7.8040048095647725,588.0,2022,12,342,3,0,1,-5.8040048095647725,0,0
2022-12-09,11,-363.6196818181814,-2.8910234818188303,612.0,2022,12,343,4,0,1,-0.8910234818188303,0,0
2022-12-10,11,-271.6315681818173,-9.46980186400757,636.0,2022,12,344,5,0,1,-7.46980186400757,0,0
2022-12-11,11,342.5867499999997,-16.298740822310403,660.0,2022,12,345,6,0,1,-14.298740822310403,0,0
2022-12-12,11,-336.01211363636406,-15.255698190358169,684.0,2022,12,346,0,0,1,-13.255698190358169,0,0
2022-12-13,11,-432.5438636363633,-9.824072848879451,708.0,2022,12,347,1,0,1,-7.824072848879451,0,0
2022-12-14,11,-292.9527954545452,-3.7927478644359627,732.0,2022,12,348,2,0,1,-1.7927478644359627,0,0
2022-12-15,11,-350.72554545454545,-2.605676248970701,756.0,2022,12,349,3,0,1,-0.6056762489707008,0,0
2022-12-16,11,-1024.3024772727274,-5.117630610543761,771.0,2022,12,350,4,0,1,-3.1176306105437606,0,0
2022-12-17,11,-88.40590909090928,-10.474698208882844,795.0,2022,12,351,5,0,1,-8.474698208882844,0,0
2022-12-18,11,-385.87224999999984,-6.758655086286733,819.0,2022,12,352,6,0,1,-4.758655086286733,0,0
2022-12-19,11,-902.8709090909095,0.22669024417595954,836.0,2022,12,353,0,0,0,2.2266902441759595,0,0
2022-12-20,11,-399.72831818181874,-1.9612936549551847,836.0,2022,12,354,1,0,0,0.038706345044815293,0,0
2022-12-21,11,-391.34686363636405,-2.0780710418483603,842.0,2022,12,355,2,1,1,-0.07807104184836033,1,0
2022-12-22,11,-826.5982045454543,-2.9297273002837203,860.0,2022,12,356,3,1,1,-0.9297273002837203,0,1
2022-12-23,11,-543.351704545455,0.10648799601941329,869.0,2022,12,357,4,1,0,2.106487996019413,0,0
2022-12-24,11,-340.29954545454547,-0.8064331963654364,869.0,2022,12,358,5,1,0,1.1935668036345635,0,0
2022-12-25,11,-332.524318181818,-2.4698404949594046,869.0,2022,12,359,6,1,1,-0.4698404949594046,1,0
2022-12-26,11,-265.2362500000001,-2.2414103145065547,883.0,2022,12,360,0,1,1,-0.2414103145065547,0,1
2022-12-27,11,-429.20747727272743,-7.093177895902297,902.0,2022,12,361,1,1,1,-5.093177895902297,0,0
2022-12-28,11,-49.664340909090576,-6.808886602729252,926.0,2022,12,362,2,1,1,-4.808886602729252,0,0
2022-12-29,11,-458.91338636363685,-4.266283342895373,950.0,2022,12,363,3,1,1,-2.266283342895373,0,0
2022-12-30,11,-517.1863409090911,-1.5666640527771791,973.0,2022,12,364,4,1,0,0.43333594722282087,0,0
2023-11-01,11,-102.05809090909084,-0.5438923634761448,43.0,2023,11,305,2,0,0,1.4561076365238552,0,1
2023-11-02,11,-198.98127272727254,-0.3334637592078572,43.0,2023,11,306,3,0,0,1.666536240792143,0,0
2023-11-03,11,-322.34265909090885,-7.5704981026825235,57.0,2023,11,307,4,0,1,-5.5704981026825235,1,0
2023-11-04,11,-99.20404545454552,-2.768737816498657,81.0,2023,11,308,5,0,1,-0.7687378164986569,0,1
2023-11-05,11,-83.96606818181813,-3.5639652532938673,94.0,2023,11,309,6,0,1,-1.5639652532938673,0,0
2023-11-06,11,-78.42938636363628,-2.2987311086266247,108.0,2023,11,310,0,0,1,-0.29873110862662466,0,0
2023-11-07,11,-118.53613636363679,-5.2683822611571856,125.0,2023,11,311,1,0,1,-3.2683822611571856,0,0
2023-11-08,11,-402.2032954545461,-6.4688001502299475,149.0,2023,11,312,2,0,1,-4.4688001502299475,0,0
2023-11-09,11,-387.249522727273,-3.3226769519959776,173.0,2023,11,313,3,0,1,-1.3226769519959776,0,0
2023-11-10,11,-268.9715909090906,-6.32306940806853,194.0,2023,11,314,4,0,1,-4.32306940806853,0,0
2023-11-11,11,-185.6444090909089,-8.02050796323398,218.0,2023,11,315,5,0,1,-6.02050796323398,0,0
2023-11-12,11,-172.23175000000035,-1.9496683308955318,242.0,2023,11,316,6,0,0,0.05033166910446818,0,0
2023-11-13,11,-456.38027272727265,1.6481587585027433,246.0,2023,11,317,0,0,0,3.6481587585027433,0,0
2023-11-14,11,-475.85938636363625,0.10496805343604593,246.0,2023,11,318,1,0,0,2.1049680534360458,0,0
2023-11-15,11,-448.1393409090906,-5.3733090323598125,259.0,2023,11,319,2,0,1,-3.3733090323598125,1,0
2023-11-16,11,-541.2753181818181,-3.8703527429412534,283.0,2023,11,320,3,0,1,-1.8703527429412534,0,1
2023-11-17,11,-560.7720000000005,-6.533110813827023,307.0,2023,11,321,4,0,1,-4.533110813827023,0,0
2023-11-18,11,-560.2151136363634,-2.603838014844698,331.0,2023,11,322,5,0,1,-0.603838014844698,0,0
2023-11-19,11,-406.0096363636358,-0.8595638180529698,338.0,2023,11,323,6,0,0,1.1404361819470301,0,0
2023-11-20,11,-593.4832499999997,-3.118648727590509,346.0,2023,11,324,0,0,1,-1.118648727590509,0,0
2023-11-21,11,-269.4370000000004,-4.940511749501152,370.0,2023,11,325,1,0,1,-2.9405117495011517,0,0
2023-11-22,11,-452.0910454545463,-6.613162475441297,394.0,2023,11,326,2,0,1,-4.613162475441297,0,0
2023-11-23,11,-755.6639318181817,-1.716977712882336,413.0,2023,11,327,3,0,0,0.283022287117664,0,0
2023-11-24,11,-819.7183636363638,-10.187075391028658,425.0,2023,11,328,4,0,1,-8.187075391028658,0,0
2023-11-25,11,-462.4122499999996,-10.00305528400648,449.0,2023,11,329,5,0,1,-8.00305528400648,0,0
2023-11-26,11,-346.90347727272706,-11.122314160971031,473.0,2023,11,330,6,0,1,-9.122314160971031,0,0
2023-11-27,11,-273.09740909090874,-6.954887714148405,497.0,2023,11,331,0,0,1,-4.954887714148405,0,0
2023-11-28,11,-348.951318181818,-11.693979773812275,521.0,2023,11,332,1,0,1,-9.693979773812275,0,0
2023-11-29,11,-588.0823181818191,-9.472037226991498,545.0,2023,11,333,2,0,1,-7.472037226991498,0,0
2023-11-30,11,-645.441,-0.44581904945725853,569.0,2023,11,334,3,0,0,1.5541809505427415,0,0
2023-12-01,11,-380.76136363636397,-0.534602369326744,569.0,2023,12,335,4,0,0,1.4653976306732561,0,0
2023-12-02,11,-185.26965909090904,-13.010789081653378,583.0,2023,12,336,5,0,1,-11.010789081653378,1,0
2023-12-03,11,-149.68481818181846,-12.589846881814884,607.0,2023,12,337,6,0,1,-10.589846881814884,0,1
2023-12-04,11,-365.81015909090917,-8.685739175246177,631.0,2023,12,338,0,0,1,-6.685739175246177,0,0
2023-12-05,11,-81.23668181818242,-7.066312725409102,655.0,2023,12,339,1,0,1,-5.066312725409102,0,0
2023-12-06,11,-31.63220454545461,-9.214431724841768,679.0,2023,12,340,2,0,1,-7.214431724841768,0,0
2023-12-07,11,-212.7221363636368,-9.775695609841339,703.0,2023,12,341,3,0,1,-7.775695609841339,0,0
2023-12-08,11,-347.4028409090912,-3.9585289696520607,727.0,2023,12,342,4,0,1,-1.9585289696520607,0,0
2023-12-09,11,-372.09740909090925,-4.832375837676629,751.0,2023,12,343,5,0,1,-2.8323758376766293,0,0
2023-12-10,11,60.64477272727361,-4.565357228330388,775.0,2023,12,344,6,0,1,-2.565357228330388,0,0
2023-12-11,11,-54.070386363636565,-2.3040495162254913,794.0,2023,12,345,0,0,1,-0.30404951622549126,0,0
2023-12-12,11,-388.60968181818185,-1.2573260793456882,806.0,2023,12,346,1,0,0,0.7426739206543118,0,0
2023-12-13,11,-290.6557045454546,-5.377195914988771,811.0,2023,12,347,2,0,1,-3.3771959149887714,0,0
2023-12-14,11,-206.04529545454486,-5.632747156012844,835.0,2023,12,348,3,0,1,-3.6327471560128437,0,0
2023-12-15,11,-270.4796136363637,-8.235984914286144,859.0,2023,12,349,4,0,1,-6.235984914286144,0,0
2023-12-16,11,-312.1042954545453,-2.950537257611796,883.0,2023,12,350,5,0,1,-0.9505372576117961,0,0
2023-12-17,11,-380.6580681818184,-2.025119566958484,897.0,2023,12,351,6,0,1,-0.02511956695848383,0,0
2023-12-18,11,-171.4045227272727,-2.3333657797740144,905.0,2023,12,352,0,0,1,-0.3333657797740144,0,0
2023-12-19,11,-515.7491136363634,-3.2021853338000685,921.0,2023,12,353,1,0,1,-1.2021853338000685,0,0
2023-12-20,11,-415.9468181818191,-6.426513352707209,945.0,2023,12,354,2,0,1,-4.426513352707209,0,0
2023-12-21,11,-805.3984545454546,-2.9433059239241017,967.0,2023,12,355,3,1,1,-0.9433059239241017,0,0
2023-12-22,11,-642.1384090909088,-3.579221793713955,988.0,2023,12,356,4,1,1,-1.579221793713955,0,0
2023-12-23,11,-30.20736363636355,-3.8491871458850584,1009.0,2023,12,357,5,1,1,-1.8491871458850584,0,0
2023-12-24,11,203.1252272727278,2.417756352703232,1023.0,2023,12,358,6,1,0,4.417756352703233,0,0
2023-12-25,11,-364.88088636363614,-1.0117929828057604,1023.0,2023,12,359,0,1,0,0.9882070171942396,0,0
2023-12-26,11,-267.23549999999983,-4.601903110803325,1028.0,2023,12,360,1,1,1,-2.601903110803325,1,0
2023-12-27,11,-506.2167727272727,-4.136350512635879,1052.0,2023,12,361,2,1,1,-2.136350512635879,0,1
2023-12-28,11,-253.84490909090925,-4.554813381485551,1076.0,2023,12,362,3,1,1,-2.554813381485551,0,0
2023-12-29,11,-299.80697727272724,-4.724815961095167,1099.0,2023,12,363,4,1,1,-2.7248159610951674,0,0
2023-12-30,11,-22.519409090909242,-5.433825219124788,1123.0,2023,12,364,5,1,1,-3.433825219124788,0,0
2024-11-01,11,-614.3858181818188,2.200185982440675,8.0,2024,11,306,4,0,0,4.200185982440675,0,0
2024-11-02,11,-68.64518181818212,1.6515329855081007,8.0,2024,11,307,5,0,0,3.6515329855081005,0,0
2024-11-03,11,-78.3009545454545,0.5808368266873224,8.0,2024,11,308,6,0,0,2.5808368266873223,0,0
2024-11-04,11,183.82079545454556,-0.27179828022292524,8.0,2024,11,309,0,0,0,1.7282017197770747,0,0
2024-11-05,11,-84.18531818181773,-0.009047406512349209,8.0,2024,11,310,1,0,0,1.9909525934876509,0,0
2024-11-06,11,-160.1434772727275,-1.0512470812657457,8.0,2024,11,311,2,0,0,0.9487529187342543,0,0
2024-11-07,11,-188.02145454545428,-1.5093250183692006,8.0,2024,11,312,3,0,0,0.49067498163079937,0,0
2024-11-08,11,-402.92690909090925,-1.787811176874758,11.0,2024,11,313,4,0,0,0.212188823125242,0,0
2024-11-09,11,-115.44086363636266,-1.8660266046282905,16.0,2024,11,314,5,0,0,0.1339733953717095,0,0
2024-11-10,11,-89.00220454545442,-2.979495369463012,19.0,2024,11,315,6,0,1,-0.9794953694630122,1,0
2024-11-11,11,-186.4430454545459,-4.57925301567698,39.0,2024,11,316,0,0,1,-2.57925301567698,0,1
2024-11-12,11,-392.68636363636324,-5.193877378990641,63.0,2024,11,317,1,0,1,-3.193877378990641,0,0
2024-11-13,11,-132.0203181818185,-6.195758912513758,87.0,2024,11,318,2,0,1,-4.195758912513758,0,0
2024-11-14,11,-382.1253863636364,-5.1047297084405026,111.0,2024,11,319,3,0,1,-3.1047297084405026,0,0
2024-11-15,11,-234.9181363636364,-3.5522268174354568,131.0,2024,11,320,4,0,1,-1.5522268174354568,0,0
2024-11-16,11,6.7072499999998065,-3.3672070083933123,148.0,2024,11,321,5,0,1,-1.3672070083933123,0,0
2024-11-17,11,-67.93747727272735,-3.0259665152368287,168.0,2024,11,322,6,0,1,-1.0259665152368287,0,0
2024-11-18,11,-499.9547954545451,-3.737216272862622,192.0,2024,11,323,0,0,1,-1.737216272862622,0,0
2024-11-19,11,-256.127363636363,-2.19603236808473,216.0,2024,11,324,1,0,1,-0.19603236808473,0,0
2024-11-20,11,-102.61202272727232,-12.920600281525246,239.0,2024,11,325,2,0,1,-10.920600281525246,0,0
2024-11-21,11,-24.2460454545468,-9.268051376089419,263.0,2024,11,326,3,0,1,-7.268051376089419,0,0
2024-11-22,11,-409.8866818181819,-11.904150387254193,287.0,2024,11,327,4,0,1,-9.904150387254193,0,0
2024-11-23,11,-263.6830454545457,-8.782257751916221,311.0,2024,11,328,5,0,1,-6.782257751916221,0,0
2024-11-24,11,-232.03827272727258,-4.003758658581273,335.0,2024,11,329,6,0,1,-2.0037586585812726,0,0
2024-11-25,11,-527.7123181818181,-2.1125889892309355,359.0,2024,11,330,0,0,1,-0.11258898923093552,0,0
2024-11-26,11,-288.9023636363634,-1.3437485499847845,365.0,2024,11,331,1,0,0,0.6562514500152155,0,0
2024-11-27,11,-191.56465909090912,-1.9364936370209171,365.0,2024,11,332,2,0,0,0.06350636297908285,0,0
2024-11-28,11,-510.2382272727269,-7.7122515074309765,373.0,2024,11,333,3,0,1,-5.7122515074309765,1,0
2024-11-29,11,-658.8867727272732,-6.998754198912559,397.0,2024,11,334,4,0,1,-4.998754198912559,0,1
2024-11-30,11,-402.345227272728,-5.900344042904643,421.0,2024,11,335,5,0,1,-3.900344042904643,0,0
2024-12-01,11,9.636454545454729,-3.9832752058564704,445.0,2024,12,336,6,0,1,-1.9832752058564704,0,0
2024-12-02,11,-429.1687727272734,-3.1965437270242627,458.0,2024,12,337,0,0,1,-1.1965437270242627,0,0
2024-12-03,11,-135.787727272727,-5.967244920780744,482.0,2024,12,338,1,0,1,-3.967244920780744,0,0
2024-12-04,11,-20.52245454545482,-10.251183651909747,506.0,2024,12,339,2,0,1,-8.251183651909747,0,0
2024-12-05,11,-50.425613636364275,-5.9429557222659675,530.0,2024,12,340,3,0,1,-3.9429557222659675,0,0
2024-12-06,11,105.72031818181776,-7.810206882944953,554.0,2024,12,341,4,0,1,-5.810206882944953,0,0
2024-12-07,11,-318.77386363636356,-7.511329790737874,578.0,2024,12,342,5,0,1,-5.511329790737874,0,0
2024-12-08,11,-74.23129545454486,-6.8138018314117605,602.0,2024,12,343,6,0,1,-4.8138018314117605,0,0
2024-12-09,11,-333.22334090909084,-7.2281398364872835,626.0,2024,12,344,0,0,1,-5.2281398364872835,0,0
2024-12-10,11,-211.8582272727275,-6.747752132605569,650.0,2024,12,345,1,0,1,-4.747752132605569,0,0
2024-12-11,11,-93.46638636363704,-7.128902725774819,674.0,2024,12,346,2,0,1,-5.128902725774819,0,0
2024-12-12,11,-245.53263636363639,-6.0976306906935145,698.0,2024,12,347,3,0,1,-4.0976306906935145,0,0
2024-12-13,11,-865.119750000001,-6.218150022666106,722.0,2024,12,348,4,0,1,-4.218150022666106,0,0
2024-12-14,11,-161.56720454545493,-6.308686781163829,746.0,2024,12,349,5,0,1,-4.308686781163829,0,0
2024-12-15,11,4.812136363635958,-3.0023143687769918,770.0,2024,12,350,6,0,1,-1.0023143687769918,0,0
2024-12-16,11,-526.8333636363634,-0.9124888548597507,777.0,2024,12,351,0,0,0,1.0875111451402493,0,0
2024-12-17,11,-362.6361363636368,-2.419229283859519,780.0,2024,12,352,1,0,1,-0.4192292838595191,0,0
2024-12-18,11,-316.07004545454566,-1.1483200137120155,793.0,2024,12,353,2,0,0,0.8516799862879845,0,0
2024-12-19,11,-703.067113636363,-6.461097330974224,806.0,2024,12,354,3,0,1,-4.461097330974224,0,0
2024-12-20,11,-231.92879545454542,-11.698918004027005,830.0,2024,12,355,4,0,1,-9.698918004027005,0,0
2024-12-21,11,-163.08550000000022,-7.11583023285142,854.0,2024,12,356,5,1,1,-5.11583023285142,0,0
2024-12-22,11,-200.1355909090911,-10.959836580974079,878.0,2024,12,357,6,1,1,-8.959836580974079,0,0
2024-12-23,11,-516.5103636363639,-10.49236642168301,902.0,2024,12,358,0,1,1,-8.49236642168301,0,0
2024-12-24,11,-76.37659090909123,-9.71621694521023,926.0,2024,12,359,1,1,1,-7.716216945210229,0,0
2024-12-25,11,-260.43547727272727,-6.3427842385903315,950.0,2024,12,360,2,1,1,-4.3427842385903315,0,0
2024-12-26,11,-94.38538636363609,-4.45095240880221,974.0,2024,12,361,3,1,1,-2.45095240880221,0,0
2024-12-27,11,-141.8376136363637,-1.7621681990276796,994.0,2024,12,362,4,1,0,0.23783180097232037,0,0
2024-12-28,11,-152.35647727272706,-2.3629917982474318,996.0,2024,12,363,5,1,1,-0.3629917982474318,0,0
2024-12-29,11,-111.26879545454607,-3.3173310381419285,1014.0,2024,12,364,6,1,1,-1.3173310381419285,0,0
2024-12-30,11,-252.4520909090909,-4.31888850160274,1036.0,2024,12,365,0,1,1,-2.31888850160274,0,0
2025-11-01,11,-221.46188636363647,3.689228374872051,176.0,2025,11,305,5,0,0,5.689228374872052,0,0
2025-11-02,11,-63.378181818181474,-2.5958492435465175,176.0,2025,11,306,6,0,1,-0.5958492435465175,1,0
2025-11-03,11,-207.81306818181773,-4.085821832339235,195.0,2025,11,307,0,0,1,-2.085821832339235,0,1
2025-11-04,11,-53.682340909090435,-0.43021789254848974,208.0,2025,11,308,1,0,0,1.5697821074515104,0,0
2025-11-05,11,-3.1917727272731016,-2.185832105706057,208.0,2025,11,309,2,0,1,-0.1858321057060568,0,0
2025-11-06,11,-363.5054090909094,-2.4871534760571077,218.0,2025,11,310,3,0,1,-0.4871534760571077,0,0
2025-11-07,11,-178.966431818181,-2.7757129131300586,231.0,2025,11,311,4,0,1,-0.7757129131300586,0,0
2025-11-08,11,37.475113636363446,-3.0971950772623447,245.0,2025,11,312,5,0,1,-1.0971950772623447,0,0
2025-11-09,11,8.041272727272537,-2.375944537407344,263.0,2025,11,313,6,0,1,-0.375944537407344,0,0
2025-11-10,11,-31.574090909090458,-2.544544523202458,280.0,2025,11,314,0,0,1,-0.5445445232024579,0,0
2025-11-11,11,-62.12972727272757,-2.084709847829011,292.0,2025,11,315,1,0,1,-0.08470984782901114,0,0
2025-11-12,11,148.70250000000024,-0.6688655993184911,300.0,2025,11,316,2,0,0,1.331134400681509,0,0
2025-11-13,11,-195.71879545454564,-0.23412846370348905,300.0,2025,11,317,3,0,0,1.765871536296511,0,0
2025-11-14,11,108.23013636363629,0.33928812958124493,300.0,2025,11,318,4,0,0,2.339288129581245,0,0
2025-11-15,11,-64.38334090909103,1.4092092833051988,300.0,2025,11,319,5,0,0,3.4092092833051986,0,0
2025-11-16,11,-76.46352272727266,0.5165436320450739,300.0,2025,11,320,6,0,0,2.516543632045074,0,0
2025-11-17,11,134.16081818181837,-8.74780033247473,303.0,2025,11,321,0,0,1,-6.74780033247473,1,0
2025-11-18,11,145.11520454545328,-9.703918466033223,327.0,2025,11,322,1,0,1,-7.7039184660332225,0,1
2025-11-19,11,11.89615909090902,-7.8796113185266075,351.0,2025,11,323,2,0,1,-5.8796113185266075,0,0
2025-11-20,11,-52.018681818180994,-9.59620094254072,375.0,2025,11,324,3,0,1,-7.596200942540721,0,0
2025-11-21,11,159.36631818181888,-11.697373774342246,399.0,2025,11,325,4,0,1,-9.697373774342246,0,0
2025-11-22,11,202.3765681818181,-14.273551500050308,423.0,2025,11,326,5,0,1,-12.273551500050308,0,0
2025-11-23,11,31.353818181817836,-9.534889911999347,447.0,2025,11,327,6,0,1,-7.534889911999347,0,0
2025-11-24,11,174.69250000000136,-3.789610388111679,471.0,2025,11,328,0,0,1,-1.789610388111679,0,0
2025-11-25,11,384.85559090909044,-7.602876865696968,495.0,2025,11,329,1,0,1,-5.602876865696968,0,0
2025-11-26,11,-157.37520454545532,-9.801687339625262,519.0,2025,11,330,2,0,1,-7.801687339625262,0,0
2025-11-27,11,28.82097727272776,-8.452013866878639,543.0,2025,11,331,3,0,1,-6.452013866878639,0,0
2025-11-28,11,-20.381431818181888,-6.205667996388692,567.0,2025,11,332,4,0,1,-4.205667996388692,0,0
2025-11-29,11,174.8472045454546,-3.646300176001615,584.0,2025,11,333,5,0,1,-1.6463001760016152,0,0
2025-11-30,11,-77.6231136363635,-4.24148347619061,608.0,2025,11,334,6,0,1,-2.24148347619061,0,0
2025-12-01,11,-246.39570454545438,-3.2159485483624977,632.0,2025,12,335,0,0,1,-1.2159485483624977,0,0
2025-12-02,11,110.43411363636302,-3.990056298738823,656.0,2025,12,336,1,0,1,-1.990056298738823,0,0
2025-12-03,11,-16.264909090909647,-4.322449714054561,680.0,2025,12,337,2,0,1,-2.322449714054561,0,0
2025-12-04,11,-69.48754545454523,-4.0442465172422395,704.0,2025,12,338,3,0,1,-2.0442465172422395,0,0
2025-12-05,11,423.36281818181817,-6.12719703618128,728.0,2025,12,339,4,0,1,-4.12719703618128,0,0
2025-12-06,11,-140.67436363636378,-4.689569907894536,752.0,2025,12,340,5,0,1,-2.689569907894536,0,0
2025-12-07,11,-493.9814545454552,-1.253575788961279,776.0,2025,12,341,6,0,0,0.7464242110387209,0,0
2025-12-08,11,-6.877954545454486,0.569474039399171,781.0,2025,12,342,0,0,0,2.569474039399171,0,0
2025-12-09,11,757.204704545455,-1.446717333144687,781.0,2025,12,343,1,0,0,0.553282666855313,0,0
2025-12-10,11,377.440227272727,-2.354538094372526,781.0,2025,12,344,2,0,1,-0.35453809437252604,1,0
2025-12-11,11,282.234272727273,-3.3401491325388446,797.0,2025,12,345,3,0,1,-1.3401491325388446,0,1
2025-12-12,11,9.380181818182047,-3.1920778001214214,813.0,2025,12,346,4,0,1,-1.1920778001214214,0,0
2025-12-13,11,-8.550681818181395,-3.7987081364868875,832.0,2025,12,347,5,0,1,-1.7987081364868875,0,0
2025-12-14,11,322.03213636363597,-4.502184909588564,856.0,2025,12,348,6,0,1,-2.502184909588564,0,0
2025-12-15,11,-137.95338636363655,-3.9621614768301283,880.0,2025,12,349,0,0,1,-1.9621614768301283,0,0
2025-12-16,11,-215.91200000000075,-1.3355064045456306,896.0,2025,12,350,1,0,0,0.6644935954543694,0,0
2025-12-17,11,-184.02197727272753,-1.2454648814155709,896.0,2025,12,351,2,0,0,0.7545351185844291,0,0
2025-12-18,11,-375.4855681818186,-3.7113554780654754,899.0,2025,12,352,3,0,1,-1.7113554780654754,1,0
2025-12-19,11,-369.36309090909094,-3.1571455757141393,923.0,2025,12,353,4,0,1,-1.1571455757141393,0,1
2025-12-20,11,-32.56011363636323,-3.9418553158077128,947.0,2025,12,354,5,0,1,-1.9418553158077128,0,0
2025-12-21,11,-248.9504545454547,-5.096045595710989,971.0,2025,12,355,6,1,1,-3.096045595710989,0,0
2025-12-22,11,-344.2695681818186,-5.843526929795098,995.0,2025,12,356,0,1,1,-3.8435269297950976,0,0
2025-12-23,11,-356.4480909090909,-4.958296673912629,1019.0,2025,12,357,1,1,1,-2.9582966739126286,0,0
2025-12-24,11,-175.53465909090946,-6.552564309950274,1043.0,2025,12,358,2,1,1,-4.552564309950274,0,0
2025-12-25,11,6.738068181817983,-7.448161161887918,1067.0,2025,12,359,3,1,1,-5.448161161887918,0,0
2025-12-26,11,-273.04506818181835,-5.232976186724063,1091.0,2025,12,360,4,1,1,-3.2329761867240627,0,0
2025-12-27,11,373.8040681818177,-2.982089266408202,1114.0,2025,12,361,5,1,1,-0.9820892664082019,0,0
2025-12-28,11,64.65688636363616,-4.875938320642444,1138.0,2025,12,362,6,1,1,-2.875938320642444,0,0
2025-12-29,11,-41.73313636363673,-5.998804659578656,1162.0,2025,12,363,0,1,1,-3.9988046595786564,0,0
2025-12-30,11,-177.16231818181834,-13.760817504337611,1186.0,2025,12,364,1,1,1,-11.760817504337611,0,0
